#
# TABLE STRUCTURE FOR: areas
#

USE fns;


DROP TABLE IF EXISTS `areas`;

CREATE TABLE `areas` (
  `id` int(10) unsigned NOT NULL AUTO_INCREMENT COMMENT 'ID земли',
  `address` text COLLATE utf8_unicode_ci NOT NULL COMMENT 'Адрес',
  `area` int(10) DEFAULT NULL COMMENT 'Площадь',
  `created_at` datetime DEFAULT current_timestamp() COMMENT 'Время создания строки',
  PRIMARY KEY (`id`)
) ENGINE=InnoDB AUTO_INCREMENT=101 DEFAULT CHARSET=utf8 COLLATE=utf8_unicode_ci COMMENT='Земля';

INSERT INTO `areas` (`id`, `address`, `area`, `created_at`) VALUES (1, '061 Opal Point\nNew Collinport, NH 54370-0589', 1439, '2011-10-26 11:18:11');
INSERT INTO `areas` (`id`, `address`, `area`, `created_at`) VALUES (2, '828 Cremin Curve Suite 549\nPort Tyrell, NY 34156', 1513, '2003-08-10 22:29:21');
INSERT INTO `areas` (`id`, `address`, `area`, `created_at`) VALUES (3, '87851 Larson Center Apt. 937\nNorth Gregory, CA 76882', 2962, '2015-10-16 17:43:56');
INSERT INTO `areas` (`id`, `address`, `area`, `created_at`) VALUES (4, '398 Birdie Lodge Apt. 102\nEast Julietburgh, VA 55892-2291', 2078, '2013-11-17 09:27:00');
INSERT INTO `areas` (`id`, `address`, `area`, `created_at`) VALUES (5, '7401 Rau Summit Apt. 447\nMakennaland, IA 18904', 1100, '1994-06-21 11:15:13');
INSERT INTO `areas` (`id`, `address`, `area`, `created_at`) VALUES (6, '305 Lina Vista Apt. 067\nNew Idell, WY 51765', 759, '2008-05-15 21:31:24');
INSERT INTO `areas` (`id`, `address`, `area`, `created_at`) VALUES (7, '9644 Alfred Lock Apt. 467\nNew Clementine, IA 21463', 249, '1999-06-06 17:53:35');
INSERT INTO `areas` (`id`, `address`, `area`, `created_at`) VALUES (8, '28833 Aylin Bypass\nWest Kiley, WI 10685', 2026, '2013-07-02 16:06:15');
INSERT INTO `areas` (`id`, `address`, `area`, `created_at`) VALUES (9, '819 Nolan Stream\nLake Duncan, AL 34198', 1938, '2004-01-24 05:24:28');
INSERT INTO `areas` (`id`, `address`, `area`, `created_at`) VALUES (10, '750 June Lock Apt. 354\nPort Biankaview, FL 97058', 240, '2013-05-12 23:20:05');
INSERT INTO `areas` (`id`, `address`, `area`, `created_at`) VALUES (11, '5308 Clark Stream Suite 234\nHayleyfurt, HI 99776', 222, '2000-12-14 07:51:08');
INSERT INTO `areas` (`id`, `address`, `area`, `created_at`) VALUES (12, '80888 Winston Pike Suite 565\nEast Annabelshire, NM 01891', 1024, '2003-04-16 20:37:37');
INSERT INTO `areas` (`id`, `address`, `area`, `created_at`) VALUES (13, '3625 Christiansen Rue Apt. 497\nVirgieville, MO 17491', 2538, '1993-10-06 21:59:49');
INSERT INTO `areas` (`id`, `address`, `area`, `created_at`) VALUES (14, '291 Mariah Oval\nSouth Clair, NY 40267', 671, '1995-12-28 06:35:53');
INSERT INTO `areas` (`id`, `address`, `area`, `created_at`) VALUES (15, '60397 Nikolaus Springs\nSammiemouth, MA 68713', 1770, '1994-09-28 06:33:02');
INSERT INTO `areas` (`id`, `address`, `area`, `created_at`) VALUES (16, '188 Kelly Mission\nHoppechester, MA 06530', 2458, '2013-09-13 15:05:25');
INSERT INTO `areas` (`id`, `address`, `area`, `created_at`) VALUES (17, '651 Vidal Trafficway Apt. 758\nNew Doyle, WA 95021', 2932, '1994-11-28 01:44:46');
INSERT INTO `areas` (`id`, `address`, `area`, `created_at`) VALUES (18, '26539 Stroman Roads\nNew Lavinia, RI 95082', 1441, '1993-03-17 14:58:02');
INSERT INTO `areas` (`id`, `address`, `area`, `created_at`) VALUES (19, '2097 Ondricka Mall\nPort Magdalenborough, UT 11755', 1890, '2003-04-26 05:27:12');
INSERT INTO `areas` (`id`, `address`, `area`, `created_at`) VALUES (20, '59342 Aiden Crest Suite 211\nOndrickaton, IA 60310-2164', 1356, '1994-03-21 05:16:22');
INSERT INTO `areas` (`id`, `address`, `area`, `created_at`) VALUES (21, '943 Brennan Wall Suite 929\nSouth Garland, FL 56870-7134', 1675, '2016-03-16 13:09:12');
INSERT INTO `areas` (`id`, `address`, `area`, `created_at`) VALUES (22, '4183 Mayer Streets\nGiovanishire, PA 56955-0175', 68, '2004-07-04 15:02:17');
INSERT INTO `areas` (`id`, `address`, `area`, `created_at`) VALUES (23, '57778 Alta Hill Suite 290\nPort Earline, WY 10061-6189', 1812, '2004-12-30 23:22:50');
INSERT INTO `areas` (`id`, `address`, `area`, `created_at`) VALUES (24, '04754 Trantow Trail Suite 540\nMarksview, MA 52700', 178, '1999-12-21 14:38:34');
INSERT INTO `areas` (`id`, `address`, `area`, `created_at`) VALUES (25, '9210 Lubowitz Row\nEast Erlingview, GA 13155', 665, '2016-12-11 21:32:56');
INSERT INTO `areas` (`id`, `address`, `area`, `created_at`) VALUES (26, '830 Kulas Course Apt. 500\nDaughertymouth, NE 47020-1991', 1370, '2016-10-15 18:51:37');
INSERT INTO `areas` (`id`, `address`, `area`, `created_at`) VALUES (27, '8231 Edythe Streets\nKevenport, MO 12871', 2683, '1994-01-04 06:17:27');
INSERT INTO `areas` (`id`, `address`, `area`, `created_at`) VALUES (28, '14378 Sanford Alley\nNew Danikaberg, ME 12767-2960', 2367, '2012-04-24 08:13:59');
INSERT INTO `areas` (`id`, `address`, `area`, `created_at`) VALUES (29, '04208 Elinor River\nTimothyfort, LA 72941', 620, '2004-03-20 12:56:23');
INSERT INTO `areas` (`id`, `address`, `area`, `created_at`) VALUES (30, '86148 Feil Viaduct\nMillsbury, CO 60031-6439', 756, '2010-07-02 20:50:26');
INSERT INTO `areas` (`id`, `address`, `area`, `created_at`) VALUES (31, '4424 Daniel Drive Suite 500\nLake Opalton, MD 70479-9233', 1651, '2007-07-10 07:17:51');
INSERT INTO `areas` (`id`, `address`, `area`, `created_at`) VALUES (32, '43072 Dietrich Coves Apt. 643\nEffertzchester, NE 40011', 1427, '1993-04-11 23:24:46');
INSERT INTO `areas` (`id`, `address`, `area`, `created_at`) VALUES (33, '93902 Mckenzie Circle Suite 814\nGleasonmouth, WI 51585', 1193, '2003-12-22 05:21:46');
INSERT INTO `areas` (`id`, `address`, `area`, `created_at`) VALUES (34, '4003 Lakin Cape\nGarlandview, VT 70103-3436', 154, '2010-11-27 23:05:16');
INSERT INTO `areas` (`id`, `address`, `area`, `created_at`) VALUES (35, '06391 Dortha View\nNorth Brittany, IN 23277-6841', 1311, '2014-08-16 19:27:09');
INSERT INTO `areas` (`id`, `address`, `area`, `created_at`) VALUES (36, '58643 Carmela Burgs\nRosiefort, WI 58531', 1187, '2014-04-06 12:40:11');
INSERT INTO `areas` (`id`, `address`, `area`, `created_at`) VALUES (37, '1415 Sawayn Light Apt. 727\nLuettgenton, CT 36304', 1685, '2006-08-24 04:14:23');
INSERT INTO `areas` (`id`, `address`, `area`, `created_at`) VALUES (38, '000 Yadira Manor Apt. 616\nWest Chester, NM 00256-1840', 1567, '1995-09-20 04:06:38');
INSERT INTO `areas` (`id`, `address`, `area`, `created_at`) VALUES (39, '7294 Ernser Mews\nBinsshire, IA 26733', 991, '1993-02-02 16:22:42');
INSERT INTO `areas` (`id`, `address`, `area`, `created_at`) VALUES (40, '507 Taylor Common Suite 786\nLake Katarina, LA 67644', 2327, '2008-12-25 09:46:04');
INSERT INTO `areas` (`id`, `address`, `area`, `created_at`) VALUES (41, '3849 Cummings Shoal Apt. 412\nLake Ladariuschester, VA 09390', 1943, '2008-08-18 08:32:12');
INSERT INTO `areas` (`id`, `address`, `area`, `created_at`) VALUES (42, '287 Daphnee Centers Suite 979\nNew Albaside, NC 76467', 2618, '2000-01-16 15:51:51');
INSERT INTO `areas` (`id`, `address`, `area`, `created_at`) VALUES (43, '8909 Jake Shores Apt. 863\nGarryburgh, UT 29527-9645', 1379, '1990-09-08 16:21:57');
INSERT INTO `areas` (`id`, `address`, `area`, `created_at`) VALUES (44, '5308 Cleveland Overpass Apt. 332\nLake Osbaldo, NC 02349-8846', 880, '2015-04-13 23:29:38');
INSERT INTO `areas` (`id`, `address`, `area`, `created_at`) VALUES (45, '03154 Ludwig Throughway Suite 293\nLuzport, MT 47163', 2371, '2005-08-28 22:04:23');
INSERT INTO `areas` (`id`, `address`, `area`, `created_at`) VALUES (46, '8805 Terry Land\nGoldenberg, TN 17632', 926, '1999-10-27 13:44:24');
INSERT INTO `areas` (`id`, `address`, `area`, `created_at`) VALUES (47, '704 Sporer Locks\nSteuberchester, NH 81891', 294, '1996-10-29 22:02:44');
INSERT INTO `areas` (`id`, `address`, `area`, `created_at`) VALUES (48, '794 Flatley Motorway Apt. 273\nMinervaport, AR 08097-5922', 192, '2007-02-12 00:23:47');
INSERT INTO `areas` (`id`, `address`, `area`, `created_at`) VALUES (49, '060 Spinka Lakes\nWest Miketon, AL 03303-1375', 733, '2005-01-25 16:25:54');
INSERT INTO `areas` (`id`, `address`, `area`, `created_at`) VALUES (50, '90458 Moore Place\nNew Chet, SD 31396', 411, '1995-10-20 08:52:28');
INSERT INTO `areas` (`id`, `address`, `area`, `created_at`) VALUES (51, '838 Gislason Alley\nOrtizville, MO 62644-1814', 1524, '2003-11-12 17:02:47');
INSERT INTO `areas` (`id`, `address`, `area`, `created_at`) VALUES (52, '4187 O\'Reilly View\nSteuberfurt, MN 73935', 1777, '1994-07-19 15:47:03');
INSERT INTO `areas` (`id`, `address`, `area`, `created_at`) VALUES (53, '94896 Dooley Plaza Suite 720\nPort Rashawn, WY 26308', 883, '2011-04-23 01:31:17');
INSERT INTO `areas` (`id`, `address`, `area`, `created_at`) VALUES (54, '1657 Nella Villages\nNorth Alejandra, CO 02592-9260', 1137, '2000-11-14 04:10:01');
INSERT INTO `areas` (`id`, `address`, `area`, `created_at`) VALUES (55, '779 Cartwright Shoal Suite 222\nKassulkeland, OK 08684', 1935, '2006-08-23 07:41:10');
INSERT INTO `areas` (`id`, `address`, `area`, `created_at`) VALUES (56, '7336 William Burg Apt. 328\nLake Delia, LA 37579', 2013, '2008-01-08 07:17:01');
INSERT INTO `areas` (`id`, `address`, `area`, `created_at`) VALUES (57, '232 Garett Lane\nEast Kimberlytown, MD 05426', 2105, '1994-04-05 19:58:49');
INSERT INTO `areas` (`id`, `address`, `area`, `created_at`) VALUES (58, '50143 Baumbach Key\nWalterburgh, TX 01521-2038', 654, '2011-06-22 15:45:39');
INSERT INTO `areas` (`id`, `address`, `area`, `created_at`) VALUES (59, '2067 Kerluke Shores Apt. 880\nEast Ravenfort, HI 12422', 2468, '1999-07-25 09:10:17');
INSERT INTO `areas` (`id`, `address`, `area`, `created_at`) VALUES (60, '3291 Stoltenberg Haven Apt. 755\nNicholeport, WA 78888-9017', 127, '2009-10-02 08:21:44');
INSERT INTO `areas` (`id`, `address`, `area`, `created_at`) VALUES (61, '9204 Homenick Rue\nLake Nakiastad, IA 76908-9461', 1001, '2005-10-25 04:47:16');
INSERT INTO `areas` (`id`, `address`, `area`, `created_at`) VALUES (62, '897 Ervin Street\nSouth Myamouth, NV 10182-6050', 2621, '2016-10-01 10:39:02');
INSERT INTO `areas` (`id`, `address`, `area`, `created_at`) VALUES (63, '416 Rau Rapid Apt. 260\nWildermanfurt, MO 84832-5792', 1814, '2003-11-09 14:43:17');
INSERT INTO `areas` (`id`, `address`, `area`, `created_at`) VALUES (64, '573 Wolff Union Suite 170\nKennediberg, AK 48419-5009', 1781, '1996-04-30 17:41:41');
INSERT INTO `areas` (`id`, `address`, `area`, `created_at`) VALUES (65, '6613 Jeffry Vista\nNorth Quincychester, CA 39080-6404', 316, '1990-09-17 07:42:42');
INSERT INTO `areas` (`id`, `address`, `area`, `created_at`) VALUES (66, '774 Kacie Parkway\nNorth Cornellstad, NE 74287-8332', 1892, '1991-07-01 02:21:56');
INSERT INTO `areas` (`id`, `address`, `area`, `created_at`) VALUES (67, '85816 Nichole Court Suite 611\nAufderharshire, NH 95721', 288, '2009-11-10 08:03:56');
INSERT INTO `areas` (`id`, `address`, `area`, `created_at`) VALUES (68, '214 Hailie Greens\nBruenfurt, KY 02220', 99, '1991-11-26 05:50:23');
INSERT INTO `areas` (`id`, `address`, `area`, `created_at`) VALUES (69, '993 Maximo Skyway Suite 813\nPourosview, ME 53527', 1809, '1998-03-22 16:10:58');
INSERT INTO `areas` (`id`, `address`, `area`, `created_at`) VALUES (70, '771 Lehner Plain Apt. 397\nPort Layne, OR 90280-9600', 1478, '1997-09-27 05:04:36');
INSERT INTO `areas` (`id`, `address`, `area`, `created_at`) VALUES (71, '90110 Twila Parkway\nCordeliamouth, WI 52187', 2740, '2011-09-21 10:38:22');
INSERT INTO `areas` (`id`, `address`, `area`, `created_at`) VALUES (72, '935 Niko Lake\nWest Briastad, NH 08015-5903', 2222, '2010-08-02 21:04:57');
INSERT INTO `areas` (`id`, `address`, `area`, `created_at`) VALUES (73, '9872 Shanna Walks\nKeiraberg, RI 28609-4420', 738, '2015-02-16 01:31:43');
INSERT INTO `areas` (`id`, `address`, `area`, `created_at`) VALUES (74, '654 Edward Square\nMelliefurt, IL 99381-3438', 452, '1997-04-12 12:45:34');
INSERT INTO `areas` (`id`, `address`, `area`, `created_at`) VALUES (75, '1817 Breitenberg Causeway Apt. 335\nNorth Ruby, IL 42272', 211, '2009-10-16 12:02:48');
INSERT INTO `areas` (`id`, `address`, `area`, `created_at`) VALUES (76, '7484 Brekke Roads\nKendricktown, NV 22422', 1487, '1996-09-22 08:39:51');
INSERT INTO `areas` (`id`, `address`, `area`, `created_at`) VALUES (77, '647 Augusta Dale\nHauckfort, IA 04781-4608', 1163, '2007-08-28 16:44:47');
INSERT INTO `areas` (`id`, `address`, `area`, `created_at`) VALUES (78, '140 Raleigh Flats Suite 022\nEast Jillian, UT 59115', 1168, '2011-02-13 04:31:37');
INSERT INTO `areas` (`id`, `address`, `area`, `created_at`) VALUES (79, '270 Hayes Ferry Suite 314\nHackettside, AK 94127-9330', 2566, '2000-07-20 11:46:19');
INSERT INTO `areas` (`id`, `address`, `area`, `created_at`) VALUES (80, '7946 Aileen Lodge Suite 430\nCarolannechester, IA 29285', 445, '2016-03-18 21:46:53');
INSERT INTO `areas` (`id`, `address`, `area`, `created_at`) VALUES (81, '001 Boyle Trail Apt. 297\nRaebury, DE 86773', 2974, '1994-07-31 18:14:55');
INSERT INTO `areas` (`id`, `address`, `area`, `created_at`) VALUES (82, '1804 Liam Crossing Suite 599\nPollichburgh, IL 57753', 1831, '1997-04-03 05:28:39');
INSERT INTO `areas` (`id`, `address`, `area`, `created_at`) VALUES (83, '3539 Kayla Terrace\nEast Eliezer, NH 23534', 2261, '2002-08-03 12:28:49');
INSERT INTO `areas` (`id`, `address`, `area`, `created_at`) VALUES (84, '65276 Hettinger Roads Apt. 118\nNew Valentina, FL 48943', 1032, '1999-10-12 07:52:36');
INSERT INTO `areas` (`id`, `address`, `area`, `created_at`) VALUES (85, '16985 O\'Reilly Rue\nSouth Horacio, ME 88314-2166', 2668, '2007-05-16 12:28:18');
INSERT INTO `areas` (`id`, `address`, `area`, `created_at`) VALUES (86, '13050 Jovanny Forges\nEast Paytonfurt, WY 96057', 798, '2001-06-15 14:21:56');
INSERT INTO `areas` (`id`, `address`, `area`, `created_at`) VALUES (87, '7140 Logan Ways\nNew Guy, NE 43377', 143, '1995-02-28 15:12:41');
INSERT INTO `areas` (`id`, `address`, `area`, `created_at`) VALUES (88, '115 Trudie Mews\nPort Elmira, KY 87358-2652', 1003, '2014-10-08 15:48:36');
INSERT INTO `areas` (`id`, `address`, `area`, `created_at`) VALUES (89, '085 Serena Views\nBernhardberg, WV 93325-7101', 609, '1991-01-29 10:20:41');
INSERT INTO `areas` (`id`, `address`, `area`, `created_at`) VALUES (90, '668 Lesch Fork Suite 857\nEast Hulda, HI 22862', 1016, '1991-06-23 00:31:02');
INSERT INTO `areas` (`id`, `address`, `area`, `created_at`) VALUES (91, '549 Conroy Viaduct Apt. 626\nNew Tracy, NJ 69099-8559', 1759, '2013-08-29 06:03:16');
INSERT INTO `areas` (`id`, `address`, `area`, `created_at`) VALUES (92, '4562 Towne Square Apt. 427\nConsidineport, NV 89796', 613, '1998-01-04 21:32:12');
INSERT INTO `areas` (`id`, `address`, `area`, `created_at`) VALUES (93, '3114 Savion Track Apt. 115\nLarissamouth, AZ 36044', 2505, '2002-06-07 16:31:51');
INSERT INTO `areas` (`id`, `address`, `area`, `created_at`) VALUES (94, '880 Wisoky Throughway Apt. 433\nNorth Zellamouth, MD 06757-8438', 2691, '1998-08-30 14:07:17');
INSERT INTO `areas` (`id`, `address`, `area`, `created_at`) VALUES (95, '6857 Rau Keys Apt. 043\nLake Anabury, UT 29541', 497, '2010-08-07 11:16:12');
INSERT INTO `areas` (`id`, `address`, `area`, `created_at`) VALUES (96, '23511 Pagac Crescent Apt. 741\nSouth Sunny, DE 35962-8722', 761, '1992-05-14 15:52:17');
INSERT INTO `areas` (`id`, `address`, `area`, `created_at`) VALUES (97, '425 Shirley Street\nSouth Madalynville, MS 59520', 1788, '2017-03-30 13:28:48');
INSERT INTO `areas` (`id`, `address`, `area`, `created_at`) VALUES (98, '32364 Bernadette Corners\nInesstad, MI 55129-2211', 496, '1996-02-16 09:25:07');
INSERT INTO `areas` (`id`, `address`, `area`, `created_at`) VALUES (99, '089 Padberg Path\nGreentown, IL 34761', 1966, '2006-04-15 09:14:15');
INSERT INTO `areas` (`id`, `address`, `area`, `created_at`) VALUES (100, '2332 Senger Loop\nWest Leilanibury, TX 98176-5693', 1198, '2009-08-13 23:20:25');


#
# TABLE STRUCTURE FOR: cars
#

DROP TABLE IF EXISTS `cars`;

CREATE TABLE `cars` (
  `id` int(10) unsigned NOT NULL AUTO_INCREMENT COMMENT 'ID авто',
  `model` varchar(100) COLLATE utf8_unicode_ci NOT NULL COMMENT 'Модель авто',
  `car_power` int(10) DEFAULT NULL COMMENT 'Мощность авто',
  `date_of_issue` datetime DEFAULT NULL COMMENT 'Дата изготовления',
  `created_at` datetime DEFAULT current_timestamp() COMMENT 'Время создания строки',
  PRIMARY KEY (`id`)
) ENGINE=InnoDB AUTO_INCREMENT=101 DEFAULT CHARSET=utf8 COLLATE=utf8_unicode_ci;

INSERT INTO `cars` (`id`, `model`, `car_power`, `date_of_issue`, `created_at`) VALUES (1, 'Mersedes', 238, '2015-09-09 18:00:03', '2020-06-03 09:03:35');
INSERT INTO `cars` (`id`, `model`, `car_power`, `date_of_issue`, `created_at`) VALUES (2, 'Land Rover', 479, '2015-06-22 18:42:10', '2018-05-27 09:15:14');
INSERT INTO `cars` (`id`, `model`, `car_power`, `date_of_issue`, `created_at`) VALUES (3, ' Lada', 251, '2009-04-19 13:11:23', '2018-11-20 16:25:19');
INSERT INTO `cars` (`id`, `model`, `car_power`, `date_of_issue`, `created_at`) VALUES (4, 'Toyota', 139, '2009-12-02 14:02:36', '2018-02-26 06:09:28');
INSERT INTO `cars` (`id`, `model`, `car_power`, `date_of_issue`, `created_at`) VALUES (5, 'BMW', 456, '2015-03-28 13:39:47', '2019-05-04 04:01:49');
INSERT INTO `cars` (`id`, `model`, `car_power`, `date_of_issue`, `created_at`) VALUES (6, 'Mersedes', 197, '2012-02-15 14:32:16', '2019-09-30 22:15:22');
INSERT INTO `cars` (`id`, `model`, `car_power`, `date_of_issue`, `created_at`) VALUES (7, 'Mazda', 495, '2013-03-23 08:39:46', '2019-03-20 15:04:35');
INSERT INTO `cars` (`id`, `model`, `car_power`, `date_of_issue`, `created_at`) VALUES (8, 'Toyota', 236, '2014-10-07 04:35:52', '2019-09-17 11:14:16');
INSERT INTO `cars` (`id`, `model`, `car_power`, `date_of_issue`, `created_at`) VALUES (9, 'Toyota', 332, '2010-06-28 15:40:47', '2018-03-22 06:58:29');
INSERT INTO `cars` (`id`, `model`, `car_power`, `date_of_issue`, `created_at`) VALUES (10, 'Mersedes', 239, '2015-01-04 01:41:40', '2019-02-09 17:59:09');
INSERT INTO `cars` (`id`, `model`, `car_power`, `date_of_issue`, `created_at`) VALUES (11, 'Mazda', 453, '2009-04-02 22:15:59', '2017-09-26 20:29:21');
INSERT INTO `cars` (`id`, `model`, `car_power`, `date_of_issue`, `created_at`) VALUES (12, 'Toyota', 385, '2011-11-11 07:12:57', '2019-05-12 21:17:05');
INSERT INTO `cars` (`id`, `model`, `car_power`, `date_of_issue`, `created_at`) VALUES (13, 'Toyota', 361, '2016-06-22 15:52:49', '2018-07-12 06:24:29');
INSERT INTO `cars` (`id`, `model`, `car_power`, `date_of_issue`, `created_at`) VALUES (14, 'BMW', 425, '2013-01-05 10:44:53', '2019-07-08 18:15:46');
INSERT INTO `cars` (`id`, `model`, `car_power`, `date_of_issue`, `created_at`) VALUES (15, ' Lada', 129, '2008-08-22 14:09:40', '2019-01-25 07:21:02');
INSERT INTO `cars` (`id`, `model`, `car_power`, `date_of_issue`, `created_at`) VALUES (16, 'Mersedes', 393, '2016-02-25 16:37:00', '2019-01-30 11:48:29');
INSERT INTO `cars` (`id`, `model`, `car_power`, `date_of_issue`, `created_at`) VALUES (17, ' Lada', 169, '2012-01-02 14:28:08', '2019-06-11 21:19:53');
INSERT INTO `cars` (`id`, `model`, `car_power`, `date_of_issue`, `created_at`) VALUES (18, ' Lada', 240, '2011-10-24 05:08:46', '2019-03-31 21:43:05');
INSERT INTO `cars` (`id`, `model`, `car_power`, `date_of_issue`, `created_at`) VALUES (19, 'Land Rover', 432, '2009-05-06 16:11:53', '2018-01-04 11:00:39');
INSERT INTO `cars` (`id`, `model`, `car_power`, `date_of_issue`, `created_at`) VALUES (20, 'Mazda', 308, '2014-04-18 21:37:53', '2018-05-21 09:36:36');
INSERT INTO `cars` (`id`, `model`, `car_power`, `date_of_issue`, `created_at`) VALUES (21, 'Land Rover', 207, '2016-06-26 02:47:04', '2017-12-06 23:23:24');
INSERT INTO `cars` (`id`, `model`, `car_power`, `date_of_issue`, `created_at`) VALUES (22, ' Lada', 409, '2015-12-01 20:39:28', '2017-12-23 21:38:34');
INSERT INTO `cars` (`id`, `model`, `car_power`, `date_of_issue`, `created_at`) VALUES (23, 'Land Rover', 141, '2016-05-13 03:20:29', '2020-06-24 01:14:52');
INSERT INTO `cars` (`id`, `model`, `car_power`, `date_of_issue`, `created_at`) VALUES (24, 'Mazda', 135, '2010-05-24 00:05:17', '2019-09-03 16:24:55');
INSERT INTO `cars` (`id`, `model`, `car_power`, `date_of_issue`, `created_at`) VALUES (25, 'Mazda', 124, '2012-04-11 09:44:39', '2018-07-25 03:50:08');
INSERT INTO `cars` (`id`, `model`, `car_power`, `date_of_issue`, `created_at`) VALUES (26, 'BMW', 540, '2014-05-25 03:30:26', '2018-12-17 04:37:46');
INSERT INTO `cars` (`id`, `model`, `car_power`, `date_of_issue`, `created_at`) VALUES (27, 'Mazda', 128, '2009-03-16 09:31:07', '2017-11-06 14:47:24');
INSERT INTO `cars` (`id`, `model`, `car_power`, `date_of_issue`, `created_at`) VALUES (28, 'Land Rover', 334, '2009-06-20 04:31:44', '2019-11-02 06:43:03');
INSERT INTO `cars` (`id`, `model`, `car_power`, `date_of_issue`, `created_at`) VALUES (29, 'BMW', 468, '2016-11-28 04:16:00', '2019-08-16 05:28:59');
INSERT INTO `cars` (`id`, `model`, `car_power`, `date_of_issue`, `created_at`) VALUES (30, ' Lada', 135, '2012-07-25 21:27:04', '2018-02-16 11:49:49');
INSERT INTO `cars` (`id`, `model`, `car_power`, `date_of_issue`, `created_at`) VALUES (31, 'BMW', 351, '2014-11-25 18:17:34', '2020-04-04 20:39:23');
INSERT INTO `cars` (`id`, `model`, `car_power`, `date_of_issue`, `created_at`) VALUES (32, 'BMW', 494, '2016-07-15 00:09:26', '2019-02-12 06:39:23');
INSERT INTO `cars` (`id`, `model`, `car_power`, `date_of_issue`, `created_at`) VALUES (33, 'Toyota', 377, '2015-12-23 07:54:10', '2018-07-18 17:43:15');
INSERT INTO `cars` (`id`, `model`, `car_power`, `date_of_issue`, `created_at`) VALUES (34, 'Toyota', 363, '2012-05-29 19:55:13', '2019-12-11 11:12:56');
INSERT INTO `cars` (`id`, `model`, `car_power`, `date_of_issue`, `created_at`) VALUES (35, 'Land Rover', 146, '2015-05-07 08:26:22', '2018-03-10 17:25:40');
INSERT INTO `cars` (`id`, `model`, `car_power`, `date_of_issue`, `created_at`) VALUES (36, 'BMW', 431, '2014-07-12 08:47:41', '2020-02-01 21:37:38');
INSERT INTO `cars` (`id`, `model`, `car_power`, `date_of_issue`, `created_at`) VALUES (37, 'Mersedes', 550, '2013-02-27 00:43:14', '2018-12-15 07:56:07');
INSERT INTO `cars` (`id`, `model`, `car_power`, `date_of_issue`, `created_at`) VALUES (38, 'Mersedes', 150, '2014-05-29 12:55:10', '2018-07-16 15:01:25');
INSERT INTO `cars` (`id`, `model`, `car_power`, `date_of_issue`, `created_at`) VALUES (39, ' Lada', 304, '2014-08-31 19:42:33', '2019-10-19 09:20:28');
INSERT INTO `cars` (`id`, `model`, `car_power`, `date_of_issue`, `created_at`) VALUES (40, 'Toyota', 341, '2009-08-01 21:34:24', '2018-06-02 17:41:56');
INSERT INTO `cars` (`id`, `model`, `car_power`, `date_of_issue`, `created_at`) VALUES (41, 'BMW', 395, '2014-09-26 11:36:29', '2020-07-20 05:18:35');
INSERT INTO `cars` (`id`, `model`, `car_power`, `date_of_issue`, `created_at`) VALUES (42, 'Land Rover', 283, '2009-09-04 08:32:05', '2019-05-08 19:51:40');
INSERT INTO `cars` (`id`, `model`, `car_power`, `date_of_issue`, `created_at`) VALUES (43, 'Toyota', 259, '2016-08-25 20:08:08', '2020-05-01 07:05:08');
INSERT INTO `cars` (`id`, `model`, `car_power`, `date_of_issue`, `created_at`) VALUES (44, 'Toyota', 447, '2016-04-23 10:23:23', '2018-03-22 23:24:42');
INSERT INTO `cars` (`id`, `model`, `car_power`, `date_of_issue`, `created_at`) VALUES (45, 'Mersedes', 201, '2011-03-24 10:49:31', '2020-02-14 20:51:20');
INSERT INTO `cars` (`id`, `model`, `car_power`, `date_of_issue`, `created_at`) VALUES (46, 'Toyota', 383, '2010-03-30 04:22:47', '2019-11-23 22:42:46');
INSERT INTO `cars` (`id`, `model`, `car_power`, `date_of_issue`, `created_at`) VALUES (47, 'Toyota', 281, '2016-05-15 05:16:23', '2019-05-25 16:07:13');
INSERT INTO `cars` (`id`, `model`, `car_power`, `date_of_issue`, `created_at`) VALUES (48, ' Lada', 471, '2009-05-01 17:18:30', '2019-01-09 22:57:25');
INSERT INTO `cars` (`id`, `model`, `car_power`, `date_of_issue`, `created_at`) VALUES (49, 'BMW', 156, '2017-07-05 02:29:21', '2019-12-01 19:39:37');
INSERT INTO `cars` (`id`, `model`, `car_power`, `date_of_issue`, `created_at`) VALUES (50, 'Land Rover', 143, '2010-07-13 10:47:04', '2019-06-04 09:47:56');
INSERT INTO `cars` (`id`, `model`, `car_power`, `date_of_issue`, `created_at`) VALUES (51, 'Mazda', 258, '2010-03-30 07:01:31', '2019-06-15 07:51:59');
INSERT INTO `cars` (`id`, `model`, `car_power`, `date_of_issue`, `created_at`) VALUES (52, ' Lada', 316, '2014-11-29 04:26:26', '2018-07-18 19:47:24');
INSERT INTO `cars` (`id`, `model`, `car_power`, `date_of_issue`, `created_at`) VALUES (53, 'Toyota', 383, '2012-11-14 03:10:46', '2019-01-02 03:57:38');
INSERT INTO `cars` (`id`, `model`, `car_power`, `date_of_issue`, `created_at`) VALUES (54, 'BMW', 179, '2012-11-30 14:48:53', '2019-06-20 17:10:20');
INSERT INTO `cars` (`id`, `model`, `car_power`, `date_of_issue`, `created_at`) VALUES (55, 'Mazda', 545, '2008-10-24 15:48:45', '2019-02-06 05:32:11');
INSERT INTO `cars` (`id`, `model`, `car_power`, `date_of_issue`, `created_at`) VALUES (56, 'Mazda', 477, '2015-11-11 22:14:24', '2019-06-05 01:42:21');
INSERT INTO `cars` (`id`, `model`, `car_power`, `date_of_issue`, `created_at`) VALUES (57, 'Mersedes', 518, '2009-09-20 19:44:24', '2019-02-17 12:51:38');
INSERT INTO `cars` (`id`, `model`, `car_power`, `date_of_issue`, `created_at`) VALUES (58, 'Toyota', 295, '2013-09-18 16:55:34', '2017-12-19 22:11:52');
INSERT INTO `cars` (`id`, `model`, `car_power`, `date_of_issue`, `created_at`) VALUES (59, 'Mazda', 447, '2014-12-11 21:00:00', '2020-07-15 07:33:56');
INSERT INTO `cars` (`id`, `model`, `car_power`, `date_of_issue`, `created_at`) VALUES (60, 'Mazda', 457, '2009-09-15 15:08:51', '2018-04-02 12:00:32');
INSERT INTO `cars` (`id`, `model`, `car_power`, `date_of_issue`, `created_at`) VALUES (61, 'Toyota', 303, '2011-05-21 05:09:17', '2018-04-19 08:29:01');
INSERT INTO `cars` (`id`, `model`, `car_power`, `date_of_issue`, `created_at`) VALUES (62, 'Toyota', 476, '2017-01-13 20:26:35', '2020-05-21 18:39:22');
INSERT INTO `cars` (`id`, `model`, `car_power`, `date_of_issue`, `created_at`) VALUES (63, 'BMW', 150, '2017-07-20 13:55:42', '2019-11-25 12:12:00');
INSERT INTO `cars` (`id`, `model`, `car_power`, `date_of_issue`, `created_at`) VALUES (64, 'Toyota', 318, '2009-03-19 04:40:31', '2018-08-27 20:20:42');
INSERT INTO `cars` (`id`, `model`, `car_power`, `date_of_issue`, `created_at`) VALUES (65, 'Toyota', 527, '2013-04-06 08:45:34', '2018-04-03 21:15:47');
INSERT INTO `cars` (`id`, `model`, `car_power`, `date_of_issue`, `created_at`) VALUES (66, 'Mersedes', 445, '2011-04-04 03:20:43', '2019-01-31 08:44:47');
INSERT INTO `cars` (`id`, `model`, `car_power`, `date_of_issue`, `created_at`) VALUES (67, 'Land Rover', 150, '2016-03-05 10:12:36', '2017-08-11 00:53:31');
INSERT INTO `cars` (`id`, `model`, `car_power`, `date_of_issue`, `created_at`) VALUES (68, 'Mersedes', 101, '2013-04-25 08:48:01', '2018-11-14 01:14:27');
INSERT INTO `cars` (`id`, `model`, `car_power`, `date_of_issue`, `created_at`) VALUES (69, ' Lada', 297, '2013-08-08 18:59:30', '2017-09-05 13:16:30');
INSERT INTO `cars` (`id`, `model`, `car_power`, `date_of_issue`, `created_at`) VALUES (70, 'Land Rover', 379, '2015-05-18 13:36:15', '2019-06-30 10:05:07');
INSERT INTO `cars` (`id`, `model`, `car_power`, `date_of_issue`, `created_at`) VALUES (71, 'BMW', 477, '2017-06-23 20:38:03', '2020-03-29 08:28:29');
INSERT INTO `cars` (`id`, `model`, `car_power`, `date_of_issue`, `created_at`) VALUES (72, 'Land Rover', 339, '2014-05-11 09:16:04', '2020-05-02 02:15:35');
INSERT INTO `cars` (`id`, `model`, `car_power`, `date_of_issue`, `created_at`) VALUES (73, ' Lada', 445, '2010-05-21 04:28:29', '2018-04-22 09:39:05');
INSERT INTO `cars` (`id`, `model`, `car_power`, `date_of_issue`, `created_at`) VALUES (74, ' Lada', 159, '2016-11-21 17:46:48', '2019-05-21 19:58:49');
INSERT INTO `cars` (`id`, `model`, `car_power`, `date_of_issue`, `created_at`) VALUES (75, 'Toyota', 441, '2008-12-23 08:31:04', '2018-07-01 12:17:32');
INSERT INTO `cars` (`id`, `model`, `car_power`, `date_of_issue`, `created_at`) VALUES (76, ' Lada', 190, '2014-02-05 00:28:59', '2020-04-26 06:39:22');
INSERT INTO `cars` (`id`, `model`, `car_power`, `date_of_issue`, `created_at`) VALUES (77, 'Land Rover', 473, '2012-04-24 23:58:06', '2017-12-03 12:56:16');
INSERT INTO `cars` (`id`, `model`, `car_power`, `date_of_issue`, `created_at`) VALUES (78, 'Mersedes', 305, '2012-03-01 10:07:09', '2020-02-13 10:36:19');
INSERT INTO `cars` (`id`, `model`, `car_power`, `date_of_issue`, `created_at`) VALUES (79, 'Toyota', 546, '2016-12-09 23:45:16', '2018-02-10 12:30:04');
INSERT INTO `cars` (`id`, `model`, `car_power`, `date_of_issue`, `created_at`) VALUES (80, 'Mersedes', 413, '2012-09-08 07:08:39', '2019-06-10 16:12:18');
INSERT INTO `cars` (`id`, `model`, `car_power`, `date_of_issue`, `created_at`) VALUES (81, 'Mazda', 369, '2012-11-14 16:54:28', '2020-01-13 23:56:44');
INSERT INTO `cars` (`id`, `model`, `car_power`, `date_of_issue`, `created_at`) VALUES (82, 'Mersedes', 547, '2011-04-29 21:51:40', '2020-08-08 00:40:04');
INSERT INTO `cars` (`id`, `model`, `car_power`, `date_of_issue`, `created_at`) VALUES (83, 'Land Rover', 380, '2013-08-17 09:07:05', '2018-08-13 02:59:48');
INSERT INTO `cars` (`id`, `model`, `car_power`, `date_of_issue`, `created_at`) VALUES (84, 'BMW', 466, '2017-02-22 01:04:16', '2019-03-24 05:41:24');
INSERT INTO `cars` (`id`, `model`, `car_power`, `date_of_issue`, `created_at`) VALUES (85, 'Mazda', 229, '2009-08-17 20:44:37', '2018-06-04 00:10:52');
INSERT INTO `cars` (`id`, `model`, `car_power`, `date_of_issue`, `created_at`) VALUES (86, 'Land Rover', 213, '2010-02-04 10:52:07', '2018-04-19 10:05:22');
INSERT INTO `cars` (`id`, `model`, `car_power`, `date_of_issue`, `created_at`) VALUES (87, 'Toyota', 299, '2010-01-20 18:08:14', '2018-01-31 04:32:20');
INSERT INTO `cars` (`id`, `model`, `car_power`, `date_of_issue`, `created_at`) VALUES (88, 'Land Rover', 402, '2010-02-13 09:51:15', '2019-09-19 18:56:15');
INSERT INTO `cars` (`id`, `model`, `car_power`, `date_of_issue`, `created_at`) VALUES (89, 'Toyota', 218, '2009-05-02 04:22:02', '2019-12-06 16:47:41');
INSERT INTO `cars` (`id`, `model`, `car_power`, `date_of_issue`, `created_at`) VALUES (90, ' Lada', 379, '2013-08-31 23:45:22', '2018-07-26 21:40:49');
INSERT INTO `cars` (`id`, `model`, `car_power`, `date_of_issue`, `created_at`) VALUES (91, 'Mersedes', 528, '2015-11-21 02:53:55', '2017-11-12 17:39:33');
INSERT INTO `cars` (`id`, `model`, `car_power`, `date_of_issue`, `created_at`) VALUES (92, 'Land Rover', 438, '2009-10-21 02:13:12', '2019-09-27 23:19:35');
INSERT INTO `cars` (`id`, `model`, `car_power`, `date_of_issue`, `created_at`) VALUES (93, ' Lada', 407, '2009-03-19 01:32:17', '2018-10-23 21:14:15');
INSERT INTO `cars` (`id`, `model`, `car_power`, `date_of_issue`, `created_at`) VALUES (94, ' Lada', 105, '2015-10-03 18:41:40', '2020-07-09 08:23:31');
INSERT INTO `cars` (`id`, `model`, `car_power`, `date_of_issue`, `created_at`) VALUES (95, 'Land Rover', 526, '2017-04-18 17:35:31', '2018-07-01 14:44:19');
INSERT INTO `cars` (`id`, `model`, `car_power`, `date_of_issue`, `created_at`) VALUES (96, 'Mersedes', 170, '2012-10-17 14:24:21', '2020-06-21 17:28:16');
INSERT INTO `cars` (`id`, `model`, `car_power`, `date_of_issue`, `created_at`) VALUES (97, 'BMW', 250, '2009-02-22 12:59:55', '2019-02-06 08:43:39');
INSERT INTO `cars` (`id`, `model`, `car_power`, `date_of_issue`, `created_at`) VALUES (98, 'Toyota', 526, '2011-01-19 13:28:28', '2019-09-01 17:07:32');
INSERT INTO `cars` (`id`, `model`, `car_power`, `date_of_issue`, `created_at`) VALUES (99, 'Mazda', 528, '2014-02-18 02:02:36', '2018-06-28 23:34:34');
INSERT INTO `cars` (`id`, `model`, `car_power`, `date_of_issue`, `created_at`) VALUES (100, ' Lada', 118, '2014-11-23 08:30:36', '2018-06-23 15:05:08');


#
# TABLE STRUCTURE FOR: estate
#

DROP TABLE IF EXISTS `estate`;

CREATE TABLE `estate` (
  `id` int(10) unsigned NOT NULL AUTO_INCREMENT COMMENT 'Идентификатор строки',
  `user_id` int(10) unsigned NOT NULL COMMENT 'Ссылка на пользователя',
  `car_id` int(10) unsigned NOT NULL COMMENT 'Ссылка на авто',
  `flats_id` int(10) unsigned NOT NULL COMMENT 'Ссылка на квартиры',
  `other_estate_id` int(10) unsigned NOT NULL COMMENT 'Ссылка на нежилые помещения',
  `areas_id` int(10) unsigned NOT NULL COMMENT 'Ссылка на землю',
  PRIMARY KEY (`id`),
  KEY `car_id` (`car_id`),
  KEY `areas` (`areas_id`),
  KEY `flats` (`flats_id`),
  KEY `other_estate` (`other_estate_id`)
) ENGINE=InnoDB AUTO_INCREMENT=101 DEFAULT CHARSET=utf8 COLLATE=utf8_unicode_ci COMMENT='Собственность налогоплательщиков';

INSERT INTO `estate` (`id`, `user_id`, `car_id`, `flats_id`, `other_estate_id`, `areas_id`) VALUES (1, 102, 34, 55, 59, 94);
INSERT INTO `estate` (`id`, `user_id`, `car_id`, `flats_id`, `other_estate_id`, `areas_id`) VALUES (2, 174, 47, 44, 96, 72);
INSERT INTO `estate` (`id`, `user_id`, `car_id`, `flats_id`, `other_estate_id`, `areas_id`) VALUES (3, 78, 6, 26, 26, 92);
INSERT INTO `estate` (`id`, `user_id`, `car_id`, `flats_id`, `other_estate_id`, `areas_id`) VALUES (4, 215, 50, 21, 42, 92);
INSERT INTO `estate` (`id`, `user_id`, `car_id`, `flats_id`, `other_estate_id`, `areas_id`) VALUES (5, 204, 42, 42, 50, 100);
INSERT INTO `estate` (`id`, `user_id`, `car_id`, `flats_id`, `other_estate_id`, `areas_id`) VALUES (6, 166, 61, 36, 11, 43);
INSERT INTO `estate` (`id`, `user_id`, `car_id`, `flats_id`, `other_estate_id`, `areas_id`) VALUES (7, 52, 45, 77, 72, 3);
INSERT INTO `estate` (`id`, `user_id`, `car_id`, `flats_id`, `other_estate_id`, `areas_id`) VALUES (8, 212, 30, 50, 15, 25);
INSERT INTO `estate` (`id`, `user_id`, `car_id`, `flats_id`, `other_estate_id`, `areas_id`) VALUES (9, 62, 41, 31, 47, 66);
INSERT INTO `estate` (`id`, `user_id`, `car_id`, `flats_id`, `other_estate_id`, `areas_id`) VALUES (10, 65, 19, 16, 42, 60);
INSERT INTO `estate` (`id`, `user_id`, `car_id`, `flats_id`, `other_estate_id`, `areas_id`) VALUES (11, 22, 10, 1, 49, 60);
INSERT INTO `estate` (`id`, `user_id`, `car_id`, `flats_id`, `other_estate_id`, `areas_id`) VALUES (12, 2, 4, 21, 36, 14);
INSERT INTO `estate` (`id`, `user_id`, `car_id`, `flats_id`, `other_estate_id`, `areas_id`) VALUES (13, 189, 53, 58, 40, 25);
INSERT INTO `estate` (`id`, `user_id`, `car_id`, `flats_id`, `other_estate_id`, `areas_id`) VALUES (14, 183, 11, 55, 11, 25);
INSERT INTO `estate` (`id`, `user_id`, `car_id`, `flats_id`, `other_estate_id`, `areas_id`) VALUES (15, 237, 31, 65, 9, 78);
INSERT INTO `estate` (`id`, `user_id`, `car_id`, `flats_id`, `other_estate_id`, `areas_id`) VALUES (16, 92, 31, 96, 47, 73);
INSERT INTO `estate` (`id`, `user_id`, `car_id`, `flats_id`, `other_estate_id`, `areas_id`) VALUES (17, 165, 54, 82, 56, 2);
INSERT INTO `estate` (`id`, `user_id`, `car_id`, `flats_id`, `other_estate_id`, `areas_id`) VALUES (18, 123, 57, 6, 61, 92);
INSERT INTO `estate` (`id`, `user_id`, `car_id`, `flats_id`, `other_estate_id`, `areas_id`) VALUES (19, 58, 24, 45, 78, 64);
INSERT INTO `estate` (`id`, `user_id`, `car_id`, `flats_id`, `other_estate_id`, `areas_id`) VALUES (20, 209, 39, 74, 24, 49);
INSERT INTO `estate` (`id`, `user_id`, `car_id`, `flats_id`, `other_estate_id`, `areas_id`) VALUES (21, 296, 3, 80, 64, 12);
INSERT INTO `estate` (`id`, `user_id`, `car_id`, `flats_id`, `other_estate_id`, `areas_id`) VALUES (22, 171, 95, 42, 53, 41);
INSERT INTO `estate` (`id`, `user_id`, `car_id`, `flats_id`, `other_estate_id`, `areas_id`) VALUES (23, 41, 7, 94, 96, 63);
INSERT INTO `estate` (`id`, `user_id`, `car_id`, `flats_id`, `other_estate_id`, `areas_id`) VALUES (24, 286, 37, 19, 1, 98);
INSERT INTO `estate` (`id`, `user_id`, `car_id`, `flats_id`, `other_estate_id`, `areas_id`) VALUES (25, 32, 20, 22, 56, 98);
INSERT INTO `estate` (`id`, `user_id`, `car_id`, `flats_id`, `other_estate_id`, `areas_id`) VALUES (26, 255, 25, 36, 59, 49);
INSERT INTO `estate` (`id`, `user_id`, `car_id`, `flats_id`, `other_estate_id`, `areas_id`) VALUES (27, 251, 57, 51, 63, 21);
INSERT INTO `estate` (`id`, `user_id`, `car_id`, `flats_id`, `other_estate_id`, `areas_id`) VALUES (28, 185, 20, 15, 3, 72);
INSERT INTO `estate` (`id`, `user_id`, `car_id`, `flats_id`, `other_estate_id`, `areas_id`) VALUES (29, 164, 17, 79, 48, 12);
INSERT INTO `estate` (`id`, `user_id`, `car_id`, `flats_id`, `other_estate_id`, `areas_id`) VALUES (30, 123, 43, 49, 60, 44);
INSERT INTO `estate` (`id`, `user_id`, `car_id`, `flats_id`, `other_estate_id`, `areas_id`) VALUES (31, 137, 70, 64, 67, 25);
INSERT INTO `estate` (`id`, `user_id`, `car_id`, `flats_id`, `other_estate_id`, `areas_id`) VALUES (32, 181, 52, 50, 96, 11);
INSERT INTO `estate` (`id`, `user_id`, `car_id`, `flats_id`, `other_estate_id`, `areas_id`) VALUES (33, 293, 79, 67, 48, 42);
INSERT INTO `estate` (`id`, `user_id`, `car_id`, `flats_id`, `other_estate_id`, `areas_id`) VALUES (34, 263, 10, 62, 2, 12);
INSERT INTO `estate` (`id`, `user_id`, `car_id`, `flats_id`, `other_estate_id`, `areas_id`) VALUES (35, 100, 57, 29, 12, 5);
INSERT INTO `estate` (`id`, `user_id`, `car_id`, `flats_id`, `other_estate_id`, `areas_id`) VALUES (36, 121, 53, 48, 89, 13);
INSERT INTO `estate` (`id`, `user_id`, `car_id`, `flats_id`, `other_estate_id`, `areas_id`) VALUES (37, 272, 34, 82, 54, 1);
INSERT INTO `estate` (`id`, `user_id`, `car_id`, `flats_id`, `other_estate_id`, `areas_id`) VALUES (38, 21, 15, 53, 57, 10);
INSERT INTO `estate` (`id`, `user_id`, `car_id`, `flats_id`, `other_estate_id`, `areas_id`) VALUES (39, 187, 54, 89, 30, 2);
INSERT INTO `estate` (`id`, `user_id`, `car_id`, `flats_id`, `other_estate_id`, `areas_id`) VALUES (40, 91, 17, 11, 92, 19);
INSERT INTO `estate` (`id`, `user_id`, `car_id`, `flats_id`, `other_estate_id`, `areas_id`) VALUES (41, 69, 25, 75, 52, 37);
INSERT INTO `estate` (`id`, `user_id`, `car_id`, `flats_id`, `other_estate_id`, `areas_id`) VALUES (42, 238, 92, 90, 27, 80);
INSERT INTO `estate` (`id`, `user_id`, `car_id`, `flats_id`, `other_estate_id`, `areas_id`) VALUES (43, 4, 17, 14, 84, 71);
INSERT INTO `estate` (`id`, `user_id`, `car_id`, `flats_id`, `other_estate_id`, `areas_id`) VALUES (44, 43, 90, 85, 67, 47);
INSERT INTO `estate` (`id`, `user_id`, `car_id`, `flats_id`, `other_estate_id`, `areas_id`) VALUES (45, 282, 29, 1, 83, 59);
INSERT INTO `estate` (`id`, `user_id`, `car_id`, `flats_id`, `other_estate_id`, `areas_id`) VALUES (46, 6, 13, 75, 13, 5);
INSERT INTO `estate` (`id`, `user_id`, `car_id`, `flats_id`, `other_estate_id`, `areas_id`) VALUES (47, 281, 36, 29, 69, 88);
INSERT INTO `estate` (`id`, `user_id`, `car_id`, `flats_id`, `other_estate_id`, `areas_id`) VALUES (48, 197, 48, 79, 55, 74);
INSERT INTO `estate` (`id`, `user_id`, `car_id`, `flats_id`, `other_estate_id`, `areas_id`) VALUES (49, 175, 56, 90, 72, 39);
INSERT INTO `estate` (`id`, `user_id`, `car_id`, `flats_id`, `other_estate_id`, `areas_id`) VALUES (50, 182, 86, 29, 45, 53);
INSERT INTO `estate` (`id`, `user_id`, `car_id`, `flats_id`, `other_estate_id`, `areas_id`) VALUES (51, 225, 39, 82, 75, 21);
INSERT INTO `estate` (`id`, `user_id`, `car_id`, `flats_id`, `other_estate_id`, `areas_id`) VALUES (52, 119, 77, 34, 15, 90);
INSERT INTO `estate` (`id`, `user_id`, `car_id`, `flats_id`, `other_estate_id`, `areas_id`) VALUES (53, 113, 8, 26, 67, 77);
INSERT INTO `estate` (`id`, `user_id`, `car_id`, `flats_id`, `other_estate_id`, `areas_id`) VALUES (54, 39, 32, 24, 92, 87);
INSERT INTO `estate` (`id`, `user_id`, `car_id`, `flats_id`, `other_estate_id`, `areas_id`) VALUES (55, 290, 50, 43, 87, 21);
INSERT INTO `estate` (`id`, `user_id`, `car_id`, `flats_id`, `other_estate_id`, `areas_id`) VALUES (56, 243, 47, 7, 10, 92);
INSERT INTO `estate` (`id`, `user_id`, `car_id`, `flats_id`, `other_estate_id`, `areas_id`) VALUES (57, 178, 85, 31, 41, 60);
INSERT INTO `estate` (`id`, `user_id`, `car_id`, `flats_id`, `other_estate_id`, `areas_id`) VALUES (58, 155, 81, 37, 85, 95);
INSERT INTO `estate` (`id`, `user_id`, `car_id`, `flats_id`, `other_estate_id`, `areas_id`) VALUES (59, 78, 23, 3, 52, 89);
INSERT INTO `estate` (`id`, `user_id`, `car_id`, `flats_id`, `other_estate_id`, `areas_id`) VALUES (60, 236, 65, 21, 2, 56);
INSERT INTO `estate` (`id`, `user_id`, `car_id`, `flats_id`, `other_estate_id`, `areas_id`) VALUES (61, 21, 99, 5, 49, 85);
INSERT INTO `estate` (`id`, `user_id`, `car_id`, `flats_id`, `other_estate_id`, `areas_id`) VALUES (62, 76, 30, 32, 32, 40);
INSERT INTO `estate` (`id`, `user_id`, `car_id`, `flats_id`, `other_estate_id`, `areas_id`) VALUES (63, 71, 91, 24, 54, 32);
INSERT INTO `estate` (`id`, `user_id`, `car_id`, `flats_id`, `other_estate_id`, `areas_id`) VALUES (64, 249, 6, 12, 19, 91);
INSERT INTO `estate` (`id`, `user_id`, `car_id`, `flats_id`, `other_estate_id`, `areas_id`) VALUES (65, 18, 45, 13, 9, 97);
INSERT INTO `estate` (`id`, `user_id`, `car_id`, `flats_id`, `other_estate_id`, `areas_id`) VALUES (66, 4, 87, 61, 22, 89);
INSERT INTO `estate` (`id`, `user_id`, `car_id`, `flats_id`, `other_estate_id`, `areas_id`) VALUES (67, 48, 29, 87, 21, 78);
INSERT INTO `estate` (`id`, `user_id`, `car_id`, `flats_id`, `other_estate_id`, `areas_id`) VALUES (68, 215, 46, 8, 4, 78);
INSERT INTO `estate` (`id`, `user_id`, `car_id`, `flats_id`, `other_estate_id`, `areas_id`) VALUES (69, 140, 27, 69, 71, 81);
INSERT INTO `estate` (`id`, `user_id`, `car_id`, `flats_id`, `other_estate_id`, `areas_id`) VALUES (70, 299, 54, 87, 11, 72);
INSERT INTO `estate` (`id`, `user_id`, `car_id`, `flats_id`, `other_estate_id`, `areas_id`) VALUES (71, 230, 17, 17, 89, 25);
INSERT INTO `estate` (`id`, `user_id`, `car_id`, `flats_id`, `other_estate_id`, `areas_id`) VALUES (72, 40, 91, 12, 74, 12);
INSERT INTO `estate` (`id`, `user_id`, `car_id`, `flats_id`, `other_estate_id`, `areas_id`) VALUES (73, 300, 90, 41, 87, 10);
INSERT INTO `estate` (`id`, `user_id`, `car_id`, `flats_id`, `other_estate_id`, `areas_id`) VALUES (74, 53, 59, 56, 25, 62);
INSERT INTO `estate` (`id`, `user_id`, `car_id`, `flats_id`, `other_estate_id`, `areas_id`) VALUES (75, 98, 72, 89, 1, 42);
INSERT INTO `estate` (`id`, `user_id`, `car_id`, `flats_id`, `other_estate_id`, `areas_id`) VALUES (76, 207, 1, 95, 56, 11);
INSERT INTO `estate` (`id`, `user_id`, `car_id`, `flats_id`, `other_estate_id`, `areas_id`) VALUES (77, 200, 32, 28, 84, 21);
INSERT INTO `estate` (`id`, `user_id`, `car_id`, `flats_id`, `other_estate_id`, `areas_id`) VALUES (78, 156, 97, 11, 64, 70);
INSERT INTO `estate` (`id`, `user_id`, `car_id`, `flats_id`, `other_estate_id`, `areas_id`) VALUES (79, 68, 64, 60, 63, 50);
INSERT INTO `estate` (`id`, `user_id`, `car_id`, `flats_id`, `other_estate_id`, `areas_id`) VALUES (80, 207, 81, 8, 25, 5);
INSERT INTO `estate` (`id`, `user_id`, `car_id`, `flats_id`, `other_estate_id`, `areas_id`) VALUES (81, 208, 57, 77, 58, 58);
INSERT INTO `estate` (`id`, `user_id`, `car_id`, `flats_id`, `other_estate_id`, `areas_id`) VALUES (82, 53, 27, 58, 13, 82);
INSERT INTO `estate` (`id`, `user_id`, `car_id`, `flats_id`, `other_estate_id`, `areas_id`) VALUES (83, 205, 79, 13, 96, 62);
INSERT INTO `estate` (`id`, `user_id`, `car_id`, `flats_id`, `other_estate_id`, `areas_id`) VALUES (84, 101, 48, 59, 45, 11);
INSERT INTO `estate` (`id`, `user_id`, `car_id`, `flats_id`, `other_estate_id`, `areas_id`) VALUES (85, 84, 67, 74, 87, 30);
INSERT INTO `estate` (`id`, `user_id`, `car_id`, `flats_id`, `other_estate_id`, `areas_id`) VALUES (86, 71, 56, 10, 32, 81);
INSERT INTO `estate` (`id`, `user_id`, `car_id`, `flats_id`, `other_estate_id`, `areas_id`) VALUES (87, 43, 1, 37, 91, 59);
INSERT INTO `estate` (`id`, `user_id`, `car_id`, `flats_id`, `other_estate_id`, `areas_id`) VALUES (88, 283, 8, 85, 52, 21);
INSERT INTO `estate` (`id`, `user_id`, `car_id`, `flats_id`, `other_estate_id`, `areas_id`) VALUES (89, 199, 21, 99, 79, 16);
INSERT INTO `estate` (`id`, `user_id`, `car_id`, `flats_id`, `other_estate_id`, `areas_id`) VALUES (90, 182, 13, 63, 19, 57);
INSERT INTO `estate` (`id`, `user_id`, `car_id`, `flats_id`, `other_estate_id`, `areas_id`) VALUES (91, 221, 47, 24, 48, 34);
INSERT INTO `estate` (`id`, `user_id`, `car_id`, `flats_id`, `other_estate_id`, `areas_id`) VALUES (92, 157, 71, 90, 62, 3);
INSERT INTO `estate` (`id`, `user_id`, `car_id`, `flats_id`, `other_estate_id`, `areas_id`) VALUES (93, 208, 76, 4, 6, 67);
INSERT INTO `estate` (`id`, `user_id`, `car_id`, `flats_id`, `other_estate_id`, `areas_id`) VALUES (94, 184, 1, 75, 46, 53);
INSERT INTO `estate` (`id`, `user_id`, `car_id`, `flats_id`, `other_estate_id`, `areas_id`) VALUES (95, 283, 12, 73, 93, 91);
INSERT INTO `estate` (`id`, `user_id`, `car_id`, `flats_id`, `other_estate_id`, `areas_id`) VALUES (96, 264, 54, 4, 51, 73);
INSERT INTO `estate` (`id`, `user_id`, `car_id`, `flats_id`, `other_estate_id`, `areas_id`) VALUES (97, 180, 25, 19, 83, 72);
INSERT INTO `estate` (`id`, `user_id`, `car_id`, `flats_id`, `other_estate_id`, `areas_id`) VALUES (98, 155, 36, 43, 41, 97);
INSERT INTO `estate` (`id`, `user_id`, `car_id`, `flats_id`, `other_estate_id`, `areas_id`) VALUES (99, 134, 10, 73, 48, 16);
INSERT INTO `estate` (`id`, `user_id`, `car_id`, `flats_id`, `other_estate_id`, `areas_id`) VALUES (100, 116, 9, 16, 13, 55);


#
# TABLE STRUCTURE FOR: flats
#

DROP TABLE IF EXISTS `flats`;

CREATE TABLE `flats` (
  `id` int(10) unsigned NOT NULL AUTO_INCREMENT COMMENT 'ID авто',
  `address` text COLLATE utf8_unicode_ci NOT NULL COMMENT 'Адрес',
  `area` int(10) DEFAULT NULL COMMENT 'Площадь',
  `created_at` datetime DEFAULT current_timestamp() COMMENT 'Время создания строки',
  PRIMARY KEY (`id`)
) ENGINE=InnoDB AUTO_INCREMENT=101 DEFAULT CHARSET=utf8 COLLATE=utf8_unicode_ci COMMENT='Квартира';

INSERT INTO `flats` (`id`, `address`, `area`, `created_at`) VALUES (1, '86264 Roosevelt Ways Suite 760\nBreitenbergstad, VT 59937-3867', 79, '2009-05-05 21:53:14');
INSERT INTO `flats` (`id`, `address`, `area`, `created_at`) VALUES (2, '0574 Tatyana Drive\nLake Karlie, DE 44391', 117, '2004-04-26 14:25:54');
INSERT INTO `flats` (`id`, `address`, `area`, `created_at`) VALUES (3, '035 Beier Pass Apt. 907\nWest Tessbury, NH 03935', 44, '2007-07-05 16:15:22');
INSERT INTO `flats` (`id`, `address`, `area`, `created_at`) VALUES (4, '8938 Christian Falls\nBotsfordton, MO 30671', 77, '2009-02-25 14:20:06');
INSERT INTO `flats` (`id`, `address`, `area`, `created_at`) VALUES (5, '0120 Wiley Bridge Suite 479\nPort Abraham, ME 05863', 134, '2008-02-26 18:32:49');
INSERT INTO `flats` (`id`, `address`, `area`, `created_at`) VALUES (6, '2350 O\'Connell Estate Apt. 371\nRethastad, MA 40298', 80, '2010-05-28 08:48:13');
INSERT INTO `flats` (`id`, `address`, `area`, `created_at`) VALUES (7, '3820 Schoen Walk Suite 195\nLake Darbyburgh, OK 41127-3505', 30, '2014-09-26 23:17:07');
INSERT INTO `flats` (`id`, `address`, `area`, `created_at`) VALUES (8, '32740 Alysson Fork\nDinaland, AZ 55356-4401', 90, '1994-10-18 22:19:27');
INSERT INTO `flats` (`id`, `address`, `area`, `created_at`) VALUES (9, '90428 Lesley Point\nGaylordburgh, IN 48610', 109, '1996-11-22 22:04:04');
INSERT INTO `flats` (`id`, `address`, `area`, `created_at`) VALUES (10, '0945 Kaylah Ford\nNorth Gardnerton, OR 40827-3088', 36, '2005-06-04 02:03:09');
INSERT INTO `flats` (`id`, `address`, `area`, `created_at`) VALUES (11, '1269 Kuhic Pine Suite 317\nPort Francisco, WI 40501', 67, '2002-11-11 07:51:49');
INSERT INTO `flats` (`id`, `address`, `area`, `created_at`) VALUES (12, '33241 Adrian Rapid Apt. 247\nCronaborough, IN 32675-6924', 100, '2008-03-11 03:02:38');
INSERT INTO `flats` (`id`, `address`, `area`, `created_at`) VALUES (13, '9387 Waters Greens\nMacyville, IL 82286', 39, '1992-06-17 01:09:58');
INSERT INTO `flats` (`id`, `address`, `area`, `created_at`) VALUES (14, '460 Rubye Flats Suite 918\nNew Marilou, CT 18140-8052', 113, '1994-02-17 10:39:02');
INSERT INTO `flats` (`id`, `address`, `area`, `created_at`) VALUES (15, '289 Betsy Stream Suite 937\nPort Myra, CT 01000-1934', 49, '1996-12-20 09:42:19');
INSERT INTO `flats` (`id`, `address`, `area`, `created_at`) VALUES (16, '967 Schulist Harbors Suite 601\nKrajcikmouth, CA 16558-5391', 136, '2014-05-14 06:47:39');
INSERT INTO `flats` (`id`, `address`, `area`, `created_at`) VALUES (17, '212 Kreiger Route\nNorth Devan, AZ 74555', 51, '2004-11-17 20:42:45');
INSERT INTO `flats` (`id`, `address`, `area`, `created_at`) VALUES (18, '456 Gillian Well Apt. 271\nWest Ottisville, IL 40835', 163, '1998-11-01 22:08:10');
INSERT INTO `flats` (`id`, `address`, `area`, `created_at`) VALUES (19, '128 Donnelly Summit\nWest Ednaport, NJ 59688-7963', 167, '1990-09-04 23:01:03');
INSERT INTO `flats` (`id`, `address`, `area`, `created_at`) VALUES (20, '26080 Aurelio Prairie\nNorth Arnoldostad, VA 92685', 101, '2002-06-17 20:45:35');
INSERT INTO `flats` (`id`, `address`, `area`, `created_at`) VALUES (21, '152 Gennaro Key Suite 013\nSouth Alize, NJ 90715', 93, '2004-08-15 11:48:24');
INSERT INTO `flats` (`id`, `address`, `area`, `created_at`) VALUES (22, '2165 Dooley Flat\nWest Giuseppebury, NH 75470-8932', 31, '2000-07-16 14:31:52');
INSERT INTO `flats` (`id`, `address`, `area`, `created_at`) VALUES (23, '7266 Makayla Squares Apt. 895\nWestburgh, NV 52004-2506', 106, '2004-03-03 12:49:33');
INSERT INTO `flats` (`id`, `address`, `area`, `created_at`) VALUES (24, '23121 Wilfred Lodge Suite 096\nMoenfurt, WY 65991-5504', 79, '2016-07-21 17:14:24');
INSERT INTO `flats` (`id`, `address`, `area`, `created_at`) VALUES (25, '399 Jonathan Mill\nNorth Dayanaberg, AR 33223', 41, '2017-07-12 11:46:46');
INSERT INTO `flats` (`id`, `address`, `area`, `created_at`) VALUES (26, '59693 Rusty Drives\nPort Haskell, MI 97850', 93, '1991-10-25 13:51:43');
INSERT INTO `flats` (`id`, `address`, `area`, `created_at`) VALUES (27, '09250 Pierre Unions Apt. 192\nKellychester, NJ 07710', 112, '2017-03-02 03:06:44');
INSERT INTO `flats` (`id`, `address`, `area`, `created_at`) VALUES (28, '294 Aufderhar Mills\nOkunevaton, RI 53739', 100, '1998-07-29 06:59:09');
INSERT INTO `flats` (`id`, `address`, `area`, `created_at`) VALUES (29, '611 Morgan Port\nLake Britney, FL 04431', 174, '2010-02-10 20:25:23');
INSERT INTO `flats` (`id`, `address`, `area`, `created_at`) VALUES (30, '636 Jamison Falls Apt. 230\nHilpertville, VA 64192', 130, '2009-12-12 09:51:37');
INSERT INTO `flats` (`id`, `address`, `area`, `created_at`) VALUES (31, '601 Weber Camp Apt. 431\nGorczanyland, MI 91767', 99, '1998-03-01 07:29:28');
INSERT INTO `flats` (`id`, `address`, `area`, `created_at`) VALUES (32, '7568 Victor Turnpike Suite 079\nRayside, NY 49237-7772', 97, '2007-01-12 19:42:36');
INSERT INTO `flats` (`id`, `address`, `area`, `created_at`) VALUES (33, '4791 Mauricio Village Apt. 336\nNorth Garnetmouth, TX 90071', 42, '1993-10-08 12:43:34');
INSERT INTO `flats` (`id`, `address`, `area`, `created_at`) VALUES (34, '0202 Steuber Coves\nVeumborough, KS 87793', 51, '1992-10-18 05:05:15');
INSERT INTO `flats` (`id`, `address`, `area`, `created_at`) VALUES (35, '20505 Herman Parks\nWest Jamel, ND 00391-0115', 159, '1991-05-04 02:47:33');
INSERT INTO `flats` (`id`, `address`, `area`, `created_at`) VALUES (36, '43488 Grady Fork Suite 528\nNorth Cassandra, LA 30666', 144, '2006-03-10 19:35:20');
INSERT INTO `flats` (`id`, `address`, `area`, `created_at`) VALUES (37, '4392 Eugene Meadows Apt. 869\nSwaniawskiville, NH 21388', 106, '1997-06-19 06:04:03');
INSERT INTO `flats` (`id`, `address`, `area`, `created_at`) VALUES (38, '8407 Amira Parkways\nWest Katrine, DE 42539', 135, '2003-08-07 00:06:32');
INSERT INTO `flats` (`id`, `address`, `area`, `created_at`) VALUES (39, '975 Mayer Crescent Apt. 971\nNorth Elizabethton, MD 35581', 75, '1996-08-29 03:14:19');
INSERT INTO `flats` (`id`, `address`, `area`, `created_at`) VALUES (40, '3474 Streich Mount\nHalleton, NC 64555-4278', 45, '2008-11-09 14:24:51');
INSERT INTO `flats` (`id`, `address`, `area`, `created_at`) VALUES (41, '79209 Rogahn Haven\nKeenanville, KS 46122', 132, '1991-04-24 22:54:08');
INSERT INTO `flats` (`id`, `address`, `area`, `created_at`) VALUES (42, '47586 Frederique Isle\nSouth Virgil, VA 76526', 133, '2006-05-23 22:54:16');
INSERT INTO `flats` (`id`, `address`, `area`, `created_at`) VALUES (43, '607 Abagail Well Apt. 741\nLake Alan, LA 05728-5835', 166, '1990-10-18 08:52:19');
INSERT INTO `flats` (`id`, `address`, `area`, `created_at`) VALUES (44, '499 Cheyenne Walk\nBrowntown, DE 16771', 151, '2007-08-30 18:37:15');
INSERT INTO `flats` (`id`, `address`, `area`, `created_at`) VALUES (45, '6138 Huels Skyway Suite 524\nMakennastad, TX 82948', 70, '2017-01-06 01:03:00');
INSERT INTO `flats` (`id`, `address`, `area`, `created_at`) VALUES (46, '019 Brakus Plain\nOmaburgh, MA 84665', 113, '1995-02-03 00:36:22');
INSERT INTO `flats` (`id`, `address`, `area`, `created_at`) VALUES (47, '4892 Cortney Way Apt. 396\nKovacekchester, KY 14596-0268', 169, '1992-06-05 05:26:36');
INSERT INTO `flats` (`id`, `address`, `area`, `created_at`) VALUES (48, '0334 Sporer Rapids\nStammland, IL 31260-8523', 130, '2016-09-19 20:22:55');
INSERT INTO `flats` (`id`, `address`, `area`, `created_at`) VALUES (49, '5752 Anais Falls Suite 039\nSouth Tristian, HI 67781', 49, '2009-05-28 16:47:09');
INSERT INTO `flats` (`id`, `address`, `area`, `created_at`) VALUES (50, '511 Lonny Ports\nGrantside, NV 39374-9211', 105, '2011-08-21 20:27:24');
INSERT INTO `flats` (`id`, `address`, `area`, `created_at`) VALUES (51, '929 DuBuque Vista\nDeanport, VA 36146-4683', 113, '1999-12-13 12:08:04');
INSERT INTO `flats` (`id`, `address`, `area`, `created_at`) VALUES (52, '428 Bartell Tunnel\nNorth Bartshire, ID 63814', 127, '1994-10-08 06:46:48');
INSERT INTO `flats` (`id`, `address`, `area`, `created_at`) VALUES (53, '807 Bednar Pines Apt. 733\nStromanborough, HI 02537', 91, '1994-10-26 00:58:43');
INSERT INTO `flats` (`id`, `address`, `area`, `created_at`) VALUES (54, '039 Johnson Pine Suite 434\nLake Sadye, VT 29082-6486', 35, '1992-11-03 09:11:30');
INSERT INTO `flats` (`id`, `address`, `area`, `created_at`) VALUES (55, '9131 Ruecker Circles\nKubbury, IN 85476', 57, '1997-02-22 18:20:47');
INSERT INTO `flats` (`id`, `address`, `area`, `created_at`) VALUES (56, '350 Hand Expressway Suite 508\nLake Shayna, NJ 31769-0126', 65, '2005-07-07 21:36:48');
INSERT INTO `flats` (`id`, `address`, `area`, `created_at`) VALUES (57, '56518 Turner Fords\nNorth Melyna, CO 89308', 161, '2000-12-09 21:54:35');
INSERT INTO `flats` (`id`, `address`, `area`, `created_at`) VALUES (58, '45222 Tremblay Stream\nLake Austintown, ME 04364', 166, '1993-11-18 08:35:09');
INSERT INTO `flats` (`id`, `address`, `area`, `created_at`) VALUES (59, '625 Monty Isle\nBrownchester, KS 57508', 141, '2013-09-26 14:30:26');
INSERT INTO `flats` (`id`, `address`, `area`, `created_at`) VALUES (60, '199 Ralph Causeway\nNew Kevinfurt, CO 64705', 132, '2003-03-19 03:16:49');
INSERT INTO `flats` (`id`, `address`, `area`, `created_at`) VALUES (61, '2570 Rath Wall Apt. 703\nWest Agnes, AR 09507', 52, '2010-04-15 14:28:26');
INSERT INTO `flats` (`id`, `address`, `area`, `created_at`) VALUES (62, '226 Nienow Keys Suite 461\nRoobtown, ME 79441-4007', 114, '1993-05-04 20:00:06');
INSERT INTO `flats` (`id`, `address`, `area`, `created_at`) VALUES (63, '20007 Jacobi Place\nSouth Marcelinohaven, HI 73605', 163, '1999-03-05 03:34:29');
INSERT INTO `flats` (`id`, `address`, `area`, `created_at`) VALUES (64, '831 Neal Knolls Suite 098\nAltenwerthville, MS 41204-4432', 122, '2012-11-16 18:51:19');
INSERT INTO `flats` (`id`, `address`, `area`, `created_at`) VALUES (65, '9298 Rodger Lights\nWest Eloisamouth, OR 21087', 168, '2006-09-06 21:26:28');
INSERT INTO `flats` (`id`, `address`, `area`, `created_at`) VALUES (66, '23686 Addie Roads Apt. 299\nUllrichland, KS 21993-1994', 105, '2009-06-17 18:21:47');
INSERT INTO `flats` (`id`, `address`, `area`, `created_at`) VALUES (67, '1893 Stroman Oval\nJohnstonhaven, MS 11316', 144, '2005-04-07 20:39:48');
INSERT INTO `flats` (`id`, `address`, `area`, `created_at`) VALUES (68, '53247 Windler Bypass\nGastonshire, AL 78974-4352', 175, '2010-05-10 13:49:03');
INSERT INTO `flats` (`id`, `address`, `area`, `created_at`) VALUES (69, '747 Fritsch Locks\nKlingchester, ME 91734', 105, '2002-10-28 02:43:06');
INSERT INTO `flats` (`id`, `address`, `area`, `created_at`) VALUES (70, '3127 VonRueden Coves Apt. 716\nAlekbury, MS 13165', 144, '1993-08-18 14:53:45');
INSERT INTO `flats` (`id`, `address`, `area`, `created_at`) VALUES (71, '2604 Watsica Shore\nNew Micaela, NV 50434-5553', 97, '1998-06-01 00:56:26');
INSERT INTO `flats` (`id`, `address`, `area`, `created_at`) VALUES (72, '712 Lemke Springs\nPort Gregg, MS 78506-6018', 120, '2001-08-12 09:06:59');
INSERT INTO `flats` (`id`, `address`, `area`, `created_at`) VALUES (73, '97223 Price Lights Apt. 911\nEast Kiraside, NY 30032-3345', 161, '2017-06-19 04:31:03');
INSERT INTO `flats` (`id`, `address`, `area`, `created_at`) VALUES (74, '276 Gerlach Land Apt. 415\nPort Lurline, AR 39090-9255', 144, '1997-11-23 05:14:52');
INSERT INTO `flats` (`id`, `address`, `area`, `created_at`) VALUES (75, '896 Elliott Island Apt. 481\nSouth Bartholomeshire, MI 80811', 144, '1998-04-15 19:06:27');
INSERT INTO `flats` (`id`, `address`, `area`, `created_at`) VALUES (76, '966 Colton Vista\nMavisfort, NH 96041', 105, '1997-01-16 20:59:19');
INSERT INTO `flats` (`id`, `address`, `area`, `created_at`) VALUES (77, '6866 Fiona Glens\nEast Angustown, OR 30143', 177, '2001-01-06 18:19:45');
INSERT INTO `flats` (`id`, `address`, `area`, `created_at`) VALUES (78, '146 Harmony Extensions Suite 479\nGottliebland, WI 53634-5096', 100, '2013-05-11 16:27:38');
INSERT INTO `flats` (`id`, `address`, `area`, `created_at`) VALUES (79, '0498 Amiya Ways\nNew Immanuel, NM 89326', 178, '2005-05-09 17:48:38');
INSERT INTO `flats` (`id`, `address`, `area`, `created_at`) VALUES (80, '84286 Orin Highway Apt. 250\nLake Reuben, RI 78253-4375', 144, '2005-05-31 14:51:16');
INSERT INTO `flats` (`id`, `address`, `area`, `created_at`) VALUES (81, '7494 Marks Drive Suite 880\nGloverton, MD 88589-9380', 104, '1996-03-20 14:43:00');
INSERT INTO `flats` (`id`, `address`, `area`, `created_at`) VALUES (82, '78006 Collier Loaf\nSouth Alanside, KY 76702', 33, '2000-07-04 18:08:39');
INSERT INTO `flats` (`id`, `address`, `area`, `created_at`) VALUES (83, '9483 Tyshawn Expressway\nPort Dannie, OH 64588-4034', 33, '1998-12-08 20:27:44');
INSERT INTO `flats` (`id`, `address`, `area`, `created_at`) VALUES (84, '499 Jason Lane\nSouth Rethafort, WY 35513-1185', 137, '2010-10-14 21:29:51');
INSERT INTO `flats` (`id`, `address`, `area`, `created_at`) VALUES (85, '421 Erdman Estate Suite 011\nJanaport, NY 50272', 157, '2000-02-10 09:56:33');
INSERT INTO `flats` (`id`, `address`, `area`, `created_at`) VALUES (86, '8839 Vicky Way\nCoramouth, NM 07650', 55, '2002-04-01 16:49:14');
INSERT INTO `flats` (`id`, `address`, `area`, `created_at`) VALUES (87, '7659 Jess Pike Suite 749\nVivaport, MI 02513', 137, '2016-12-22 05:35:26');
INSERT INTO `flats` (`id`, `address`, `area`, `created_at`) VALUES (88, '01641 Delbert Lock Apt. 784\nSouth Norbertoton, AR 54399', 83, '2011-08-23 16:25:55');
INSERT INTO `flats` (`id`, `address`, `area`, `created_at`) VALUES (89, '6099 Goldner Plains\nHarveyland, AK 50212-2563', 87, '1992-11-15 02:42:45');
INSERT INTO `flats` (`id`, `address`, `area`, `created_at`) VALUES (90, '2183 Makayla Drives Apt. 285\nLake Deborah, FL 70001-3125', 64, '2003-03-25 14:00:38');
INSERT INTO `flats` (`id`, `address`, `area`, `created_at`) VALUES (91, '6530 Will Junction\nRoslynview, MA 78769-5749', 43, '1990-08-20 21:59:13');
INSERT INTO `flats` (`id`, `address`, `area`, `created_at`) VALUES (92, '3372 Myra Shoals Apt. 499\nEloisechester, VT 14314-8761', 128, '2003-06-27 12:41:54');
INSERT INTO `flats` (`id`, `address`, `area`, `created_at`) VALUES (93, '55693 Ashly Rest Suite 459\nSkyeton, KS 03737', 148, '2001-09-03 17:12:39');
INSERT INTO `flats` (`id`, `address`, `area`, `created_at`) VALUES (94, '15743 Corwin Pass Apt. 175\nMonahanshire, MD 95583', 131, '2002-04-24 03:49:59');
INSERT INTO `flats` (`id`, `address`, `area`, `created_at`) VALUES (95, '685 Rice Fall Suite 408\nSouth Alicia, NV 99783', 175, '2001-12-29 10:20:31');
INSERT INTO `flats` (`id`, `address`, `area`, `created_at`) VALUES (96, '933 Reilly Islands Suite 974\nHerbertchester, PA 57075', 162, '2011-12-29 03:53:53');
INSERT INTO `flats` (`id`, `address`, `area`, `created_at`) VALUES (97, '384 Delta Light Apt. 265\nNorth Wilford, CT 01743-5995', 50, '2013-12-19 19:17:59');
INSERT INTO `flats` (`id`, `address`, `area`, `created_at`) VALUES (98, '010 Winona Row Suite 123\nSouth Erynmouth, TX 03882', 122, '1993-09-11 03:40:38');
INSERT INTO `flats` (`id`, `address`, `area`, `created_at`) VALUES (99, '5554 Cassin Groves\nRowlandbury, TN 00429-8344', 105, '1996-03-09 02:55:02');
INSERT INTO `flats` (`id`, `address`, `area`, `created_at`) VALUES (100, '289 Bailey Village Suite 768\nWest Immanuel, IA 90327-6771', 145, '2005-08-05 16:23:56');


#
# TABLE STRUCTURE FOR: income
#

DROP TABLE IF EXISTS `income`;

CREATE TABLE `income` (
  `id` bigint(20) unsigned NOT NULL AUTO_INCREMENT COMMENT 'Идентификатор строки',
  `user_id` int(10) unsigned NOT NULL COMMENT 'Ссылка на пользователя',
  `income` int(100) NOT NULL COMMENT 'Доход',
  `tax_income` int(100) NOT NULL COMMENT 'Уплаченный налог на доход',
  PRIMARY KEY (`id`)
) ENGINE=InnoDB AUTO_INCREMENT=301 DEFAULT CHARSET=utf8 COLLATE=utf8_unicode_ci COMMENT='Доход';

INSERT INTO `income` (`id`, `user_id`, `income`, `tax_income`) VALUES ('1', 9, 731454, 0);
INSERT INTO `income` (`id`, `user_id`, `income`, `tax_income`) VALUES ('2', 30, 661212, 0);
INSERT INTO `income` (`id`, `user_id`, `income`, `tax_income`) VALUES ('3', 74, 546320, 0);
INSERT INTO `income` (`id`, `user_id`, `income`, `tax_income`) VALUES ('4', 291, 312209, 0);
INSERT INTO `income` (`id`, `user_id`, `income`, `tax_income`) VALUES ('5', 103, 50500, 0);
INSERT INTO `income` (`id`, `user_id`, `income`, `tax_income`) VALUES ('6', 253, 782897, 0);
INSERT INTO `income` (`id`, `user_id`, `income`, `tax_income`) VALUES ('7', 241, 1475689, 0);
INSERT INTO `income` (`id`, `user_id`, `income`, `tax_income`) VALUES ('8', 96, 1298301, 0);
INSERT INTO `income` (`id`, `user_id`, `income`, `tax_income`) VALUES ('9', 167, 791247, 0);
INSERT INTO `income` (`id`, `user_id`, `income`, `tax_income`) VALUES ('10', 113, 1044759, 0);
INSERT INTO `income` (`id`, `user_id`, `income`, `tax_income`) VALUES ('11', 157, 995187, 0);
INSERT INTO `income` (`id`, `user_id`, `income`, `tax_income`) VALUES ('12', 19, 691734, 0);
INSERT INTO `income` (`id`, `user_id`, `income`, `tax_income`) VALUES ('13', 62, 490771, 0);
INSERT INTO `income` (`id`, `user_id`, `income`, `tax_income`) VALUES ('14', 257, 731561, 0);
INSERT INTO `income` (`id`, `user_id`, `income`, `tax_income`) VALUES ('15', 99, 403004, 0);
INSERT INTO `income` (`id`, `user_id`, `income`, `tax_income`) VALUES ('16', 175, 1457053, 0);
INSERT INTO `income` (`id`, `user_id`, `income`, `tax_income`) VALUES ('17', 123, 338668, 0);
INSERT INTO `income` (`id`, `user_id`, `income`, `tax_income`) VALUES ('18', 55, 184014, 0);
INSERT INTO `income` (`id`, `user_id`, `income`, `tax_income`) VALUES ('19', 170, 550947, 0);
INSERT INTO `income` (`id`, `user_id`, `income`, `tax_income`) VALUES ('20', 22, 413520, 0);
INSERT INTO `income` (`id`, `user_id`, `income`, `tax_income`) VALUES ('21', 128, 1242261, 0);
INSERT INTO `income` (`id`, `user_id`, `income`, `tax_income`) VALUES ('22', 84, 995360, 0);
INSERT INTO `income` (`id`, `user_id`, `income`, `tax_income`) VALUES ('23', 94, 1333346, 0);
INSERT INTO `income` (`id`, `user_id`, `income`, `tax_income`) VALUES ('24', 2, 527205, 0);
INSERT INTO `income` (`id`, `user_id`, `income`, `tax_income`) VALUES ('25', 72, 942468, 0);
INSERT INTO `income` (`id`, `user_id`, `income`, `tax_income`) VALUES ('26', 239, 1075367, 0);
INSERT INTO `income` (`id`, `user_id`, `income`, `tax_income`) VALUES ('27', 70, 898358, 0);
INSERT INTO `income` (`id`, `user_id`, `income`, `tax_income`) VALUES ('28', 191, 716436, 0);
INSERT INTO `income` (`id`, `user_id`, `income`, `tax_income`) VALUES ('29', 66, 1130472, 0);
INSERT INTO `income` (`id`, `user_id`, `income`, `tax_income`) VALUES ('30', 3, 586178, 0);
INSERT INTO `income` (`id`, `user_id`, `income`, `tax_income`) VALUES ('31', 160, 337983, 0);
INSERT INTO `income` (`id`, `user_id`, `income`, `tax_income`) VALUES ('32', 75, 557124, 0);
INSERT INTO `income` (`id`, `user_id`, `income`, `tax_income`) VALUES ('33', 32, 370183, 0);
INSERT INTO `income` (`id`, `user_id`, `income`, `tax_income`) VALUES ('34', 233, 701082, 0);
INSERT INTO `income` (`id`, `user_id`, `income`, `tax_income`) VALUES ('35', 66, 33136, 0);
INSERT INTO `income` (`id`, `user_id`, `income`, `tax_income`) VALUES ('36', 134, 441038, 0);
INSERT INTO `income` (`id`, `user_id`, `income`, `tax_income`) VALUES ('37', 186, 1144041, 0);
INSERT INTO `income` (`id`, `user_id`, `income`, `tax_income`) VALUES ('38', 6, 862626, 0);
INSERT INTO `income` (`id`, `user_id`, `income`, `tax_income`) VALUES ('39', 230, 1455245, 0);
INSERT INTO `income` (`id`, `user_id`, `income`, `tax_income`) VALUES ('40', 53, 95833, 0);
INSERT INTO `income` (`id`, `user_id`, `income`, `tax_income`) VALUES ('41', 119, 1370008, 0);
INSERT INTO `income` (`id`, `user_id`, `income`, `tax_income`) VALUES ('42', 86, 809010, 0);
INSERT INTO `income` (`id`, `user_id`, `income`, `tax_income`) VALUES ('43', 71, 137190, 0);
INSERT INTO `income` (`id`, `user_id`, `income`, `tax_income`) VALUES ('44', 181, 1030627, 0);
INSERT INTO `income` (`id`, `user_id`, `income`, `tax_income`) VALUES ('45', 43, 917372, 0);
INSERT INTO `income` (`id`, `user_id`, `income`, `tax_income`) VALUES ('46', 170, 487674, 0);
INSERT INTO `income` (`id`, `user_id`, `income`, `tax_income`) VALUES ('47', 55, 341102, 0);
INSERT INTO `income` (`id`, `user_id`, `income`, `tax_income`) VALUES ('48', 165, 1318470, 0);
INSERT INTO `income` (`id`, `user_id`, `income`, `tax_income`) VALUES ('49', 225, 1016386, 0);
INSERT INTO `income` (`id`, `user_id`, `income`, `tax_income`) VALUES ('50', 224, 1020608, 0);
INSERT INTO `income` (`id`, `user_id`, `income`, `tax_income`) VALUES ('51', 186, 73295, 0);
INSERT INTO `income` (`id`, `user_id`, `income`, `tax_income`) VALUES ('52', 53, 1133753, 0);
INSERT INTO `income` (`id`, `user_id`, `income`, `tax_income`) VALUES ('53', 8, 376373, 0);
INSERT INTO `income` (`id`, `user_id`, `income`, `tax_income`) VALUES ('54', 280, 183511, 0);
INSERT INTO `income` (`id`, `user_id`, `income`, `tax_income`) VALUES ('55', 54, 1160295, 0);
INSERT INTO `income` (`id`, `user_id`, `income`, `tax_income`) VALUES ('56', 79, 679082, 0);
INSERT INTO `income` (`id`, `user_id`, `income`, `tax_income`) VALUES ('57', 219, 824860, 0);
INSERT INTO `income` (`id`, `user_id`, `income`, `tax_income`) VALUES ('58', 124, 88172, 0);
INSERT INTO `income` (`id`, `user_id`, `income`, `tax_income`) VALUES ('59', 270, 1454989, 0);
INSERT INTO `income` (`id`, `user_id`, `income`, `tax_income`) VALUES ('60', 284, 447677, 0);
INSERT INTO `income` (`id`, `user_id`, `income`, `tax_income`) VALUES ('61', 126, 241987, 0);
INSERT INTO `income` (`id`, `user_id`, `income`, `tax_income`) VALUES ('62', 129, 156839, 0);
INSERT INTO `income` (`id`, `user_id`, `income`, `tax_income`) VALUES ('63', 59, 23267, 0);
INSERT INTO `income` (`id`, `user_id`, `income`, `tax_income`) VALUES ('64', 158, 1347976, 0);
INSERT INTO `income` (`id`, `user_id`, `income`, `tax_income`) VALUES ('65', 62, 1228678, 0);
INSERT INTO `income` (`id`, `user_id`, `income`, `tax_income`) VALUES ('66', 125, 149559, 0);
INSERT INTO `income` (`id`, `user_id`, `income`, `tax_income`) VALUES ('67', 291, 397639, 0);
INSERT INTO `income` (`id`, `user_id`, `income`, `tax_income`) VALUES ('68', 248, 128407, 0);
INSERT INTO `income` (`id`, `user_id`, `income`, `tax_income`) VALUES ('69', 131, 143600, 0);
INSERT INTO `income` (`id`, `user_id`, `income`, `tax_income`) VALUES ('70', 221, 310890, 0);
INSERT INTO `income` (`id`, `user_id`, `income`, `tax_income`) VALUES ('71', 300, 989497, 0);
INSERT INTO `income` (`id`, `user_id`, `income`, `tax_income`) VALUES ('72', 249, 296445, 0);
INSERT INTO `income` (`id`, `user_id`, `income`, `tax_income`) VALUES ('73', 6, 56289, 0);
INSERT INTO `income` (`id`, `user_id`, `income`, `tax_income`) VALUES ('74', 71, 189853, 0);
INSERT INTO `income` (`id`, `user_id`, `income`, `tax_income`) VALUES ('75', 129, 1361586, 0);
INSERT INTO `income` (`id`, `user_id`, `income`, `tax_income`) VALUES ('76', 48, 1035201, 0);
INSERT INTO `income` (`id`, `user_id`, `income`, `tax_income`) VALUES ('77', 241, 473999, 0);
INSERT INTO `income` (`id`, `user_id`, `income`, `tax_income`) VALUES ('78', 184, 345761, 0);
INSERT INTO `income` (`id`, `user_id`, `income`, `tax_income`) VALUES ('79', 213, 72726, 0);
INSERT INTO `income` (`id`, `user_id`, `income`, `tax_income`) VALUES ('80', 166, 1435185, 0);
INSERT INTO `income` (`id`, `user_id`, `income`, `tax_income`) VALUES ('81', 108, 1349093, 0);
INSERT INTO `income` (`id`, `user_id`, `income`, `tax_income`) VALUES ('82', 99, 886006, 0);
INSERT INTO `income` (`id`, `user_id`, `income`, `tax_income`) VALUES ('83', 218, 222601, 0);
INSERT INTO `income` (`id`, `user_id`, `income`, `tax_income`) VALUES ('84', 115, 1121735, 0);
INSERT INTO `income` (`id`, `user_id`, `income`, `tax_income`) VALUES ('85', 78, 757374, 0);
INSERT INTO `income` (`id`, `user_id`, `income`, `tax_income`) VALUES ('86', 272, 363230, 0);
INSERT INTO `income` (`id`, `user_id`, `income`, `tax_income`) VALUES ('87', 194, 1483785, 0);
INSERT INTO `income` (`id`, `user_id`, `income`, `tax_income`) VALUES ('88', 296, 610916, 0);
INSERT INTO `income` (`id`, `user_id`, `income`, `tax_income`) VALUES ('89', 96, 570133, 0);
INSERT INTO `income` (`id`, `user_id`, `income`, `tax_income`) VALUES ('90', 164, 248118, 0);
INSERT INTO `income` (`id`, `user_id`, `income`, `tax_income`) VALUES ('91', 280, 1450136, 0);
INSERT INTO `income` (`id`, `user_id`, `income`, `tax_income`) VALUES ('92', 221, 1384059, 0);
INSERT INTO `income` (`id`, `user_id`, `income`, `tax_income`) VALUES ('93', 292, 1227765, 0);
INSERT INTO `income` (`id`, `user_id`, `income`, `tax_income`) VALUES ('94', 39, 820210, 0);
INSERT INTO `income` (`id`, `user_id`, `income`, `tax_income`) VALUES ('95', 79, 769966, 0);
INSERT INTO `income` (`id`, `user_id`, `income`, `tax_income`) VALUES ('96', 54, 1179304, 0);
INSERT INTO `income` (`id`, `user_id`, `income`, `tax_income`) VALUES ('97', 163, 633478, 0);
INSERT INTO `income` (`id`, `user_id`, `income`, `tax_income`) VALUES ('98', 70, 7158, 0);
INSERT INTO `income` (`id`, `user_id`, `income`, `tax_income`) VALUES ('99', 1, 939072, 0);
INSERT INTO `income` (`id`, `user_id`, `income`, `tax_income`) VALUES ('100', 293, 514980, 0);
INSERT INTO `income` (`id`, `user_id`, `income`, `tax_income`) VALUES ('101', 290, 637968, 0);
INSERT INTO `income` (`id`, `user_id`, `income`, `tax_income`) VALUES ('102', 1, 1292468, 0);
INSERT INTO `income` (`id`, `user_id`, `income`, `tax_income`) VALUES ('103', 241, 1029581, 0);
INSERT INTO `income` (`id`, `user_id`, `income`, `tax_income`) VALUES ('104', 295, 182236, 0);
INSERT INTO `income` (`id`, `user_id`, `income`, `tax_income`) VALUES ('105', 72, 1282076, 0);
INSERT INTO `income` (`id`, `user_id`, `income`, `tax_income`) VALUES ('106', 70, 1057034, 0);
INSERT INTO `income` (`id`, `user_id`, `income`, `tax_income`) VALUES ('107', 43, 476344, 0);
INSERT INTO `income` (`id`, `user_id`, `income`, `tax_income`) VALUES ('108', 13, 592733, 0);
INSERT INTO `income` (`id`, `user_id`, `income`, `tax_income`) VALUES ('109', 253, 1322916, 0);
INSERT INTO `income` (`id`, `user_id`, `income`, `tax_income`) VALUES ('110', 256, 2360, 0);
INSERT INTO `income` (`id`, `user_id`, `income`, `tax_income`) VALUES ('111', 178, 646080, 0);
INSERT INTO `income` (`id`, `user_id`, `income`, `tax_income`) VALUES ('112', 60, 143868, 0);
INSERT INTO `income` (`id`, `user_id`, `income`, `tax_income`) VALUES ('113', 54, 936949, 0);
INSERT INTO `income` (`id`, `user_id`, `income`, `tax_income`) VALUES ('114', 96, 945851, 0);
INSERT INTO `income` (`id`, `user_id`, `income`, `tax_income`) VALUES ('115', 175, 195251, 0);
INSERT INTO `income` (`id`, `user_id`, `income`, `tax_income`) VALUES ('116', 132, 1488086, 0);
INSERT INTO `income` (`id`, `user_id`, `income`, `tax_income`) VALUES ('117', 67, 129582, 0);
INSERT INTO `income` (`id`, `user_id`, `income`, `tax_income`) VALUES ('118', 69, 989783, 0);
INSERT INTO `income` (`id`, `user_id`, `income`, `tax_income`) VALUES ('119', 128, 82521, 0);
INSERT INTO `income` (`id`, `user_id`, `income`, `tax_income`) VALUES ('120', 163, 768907, 0);
INSERT INTO `income` (`id`, `user_id`, `income`, `tax_income`) VALUES ('121', 232, 386805, 0);
INSERT INTO `income` (`id`, `user_id`, `income`, `tax_income`) VALUES ('122', 107, 185734, 0);
INSERT INTO `income` (`id`, `user_id`, `income`, `tax_income`) VALUES ('123', 83, 465350, 0);
INSERT INTO `income` (`id`, `user_id`, `income`, `tax_income`) VALUES ('124', 223, 1373078, 0);
INSERT INTO `income` (`id`, `user_id`, `income`, `tax_income`) VALUES ('125', 145, 1046831, 0);
INSERT INTO `income` (`id`, `user_id`, `income`, `tax_income`) VALUES ('126', 162, 1361830, 0);
INSERT INTO `income` (`id`, `user_id`, `income`, `tax_income`) VALUES ('127', 277, 1200798, 0);
INSERT INTO `income` (`id`, `user_id`, `income`, `tax_income`) VALUES ('128', 8, 1236149, 0);
INSERT INTO `income` (`id`, `user_id`, `income`, `tax_income`) VALUES ('129', 231, 22483, 0);
INSERT INTO `income` (`id`, `user_id`, `income`, `tax_income`) VALUES ('130', 278, 1029458, 0);
INSERT INTO `income` (`id`, `user_id`, `income`, `tax_income`) VALUES ('131', 300, 1186803, 0);
INSERT INTO `income` (`id`, `user_id`, `income`, `tax_income`) VALUES ('132', 220, 568409, 0);
INSERT INTO `income` (`id`, `user_id`, `income`, `tax_income`) VALUES ('133', 278, 590678, 0);
INSERT INTO `income` (`id`, `user_id`, `income`, `tax_income`) VALUES ('134', 240, 123572, 0);
INSERT INTO `income` (`id`, `user_id`, `income`, `tax_income`) VALUES ('135', 215, 1159041, 0);
INSERT INTO `income` (`id`, `user_id`, `income`, `tax_income`) VALUES ('136', 50, 655134, 0);
INSERT INTO `income` (`id`, `user_id`, `income`, `tax_income`) VALUES ('137', 10, 1076482, 0);
INSERT INTO `income` (`id`, `user_id`, `income`, `tax_income`) VALUES ('138', 257, 1155369, 0);
INSERT INTO `income` (`id`, `user_id`, `income`, `tax_income`) VALUES ('139', 62, 551863, 0);
INSERT INTO `income` (`id`, `user_id`, `income`, `tax_income`) VALUES ('140', 262, 305771, 0);
INSERT INTO `income` (`id`, `user_id`, `income`, `tax_income`) VALUES ('141', 213, 601689, 0);
INSERT INTO `income` (`id`, `user_id`, `income`, `tax_income`) VALUES ('142', 240, 933998, 0);
INSERT INTO `income` (`id`, `user_id`, `income`, `tax_income`) VALUES ('143', 22, 322683, 0);
INSERT INTO `income` (`id`, `user_id`, `income`, `tax_income`) VALUES ('144', 266, 509271, 0);
INSERT INTO `income` (`id`, `user_id`, `income`, `tax_income`) VALUES ('145', 35, 1111301, 0);
INSERT INTO `income` (`id`, `user_id`, `income`, `tax_income`) VALUES ('146', 197, 274445, 0);
INSERT INTO `income` (`id`, `user_id`, `income`, `tax_income`) VALUES ('147', 98, 1151611, 0);
INSERT INTO `income` (`id`, `user_id`, `income`, `tax_income`) VALUES ('148', 102, 467604, 0);
INSERT INTO `income` (`id`, `user_id`, `income`, `tax_income`) VALUES ('149', 265, 901329, 0);
INSERT INTO `income` (`id`, `user_id`, `income`, `tax_income`) VALUES ('150', 225, 1122895, 0);
INSERT INTO `income` (`id`, `user_id`, `income`, `tax_income`) VALUES ('151', 264, 818751, 0);
INSERT INTO `income` (`id`, `user_id`, `income`, `tax_income`) VALUES ('152', 197, 1155204, 0);
INSERT INTO `income` (`id`, `user_id`, `income`, `tax_income`) VALUES ('153', 32, 1499258, 0);
INSERT INTO `income` (`id`, `user_id`, `income`, `tax_income`) VALUES ('154', 47, 1224270, 0);
INSERT INTO `income` (`id`, `user_id`, `income`, `tax_income`) VALUES ('155', 120, 1083635, 0);
INSERT INTO `income` (`id`, `user_id`, `income`, `tax_income`) VALUES ('156', 177, 207240, 0);
INSERT INTO `income` (`id`, `user_id`, `income`, `tax_income`) VALUES ('157', 208, 435218, 0);
INSERT INTO `income` (`id`, `user_id`, `income`, `tax_income`) VALUES ('158', 96, 699713, 0);
INSERT INTO `income` (`id`, `user_id`, `income`, `tax_income`) VALUES ('159', 184, 908765, 0);
INSERT INTO `income` (`id`, `user_id`, `income`, `tax_income`) VALUES ('160', 138, 1083202, 0);
INSERT INTO `income` (`id`, `user_id`, `income`, `tax_income`) VALUES ('161', 73, 186446, 0);
INSERT INTO `income` (`id`, `user_id`, `income`, `tax_income`) VALUES ('162', 183, 1410035, 0);
INSERT INTO `income` (`id`, `user_id`, `income`, `tax_income`) VALUES ('163', 58, 185292, 0);
INSERT INTO `income` (`id`, `user_id`, `income`, `tax_income`) VALUES ('164', 51, 929735, 0);
INSERT INTO `income` (`id`, `user_id`, `income`, `tax_income`) VALUES ('165', 123, 895244, 0);
INSERT INTO `income` (`id`, `user_id`, `income`, `tax_income`) VALUES ('166', 272, 543933, 0);
INSERT INTO `income` (`id`, `user_id`, `income`, `tax_income`) VALUES ('167', 100, 394139, 0);
INSERT INTO `income` (`id`, `user_id`, `income`, `tax_income`) VALUES ('168', 132, 742448, 0);
INSERT INTO `income` (`id`, `user_id`, `income`, `tax_income`) VALUES ('169', 228, 467074, 0);
INSERT INTO `income` (`id`, `user_id`, `income`, `tax_income`) VALUES ('170', 162, 505680, 0);
INSERT INTO `income` (`id`, `user_id`, `income`, `tax_income`) VALUES ('171', 94, 196746, 0);
INSERT INTO `income` (`id`, `user_id`, `income`, `tax_income`) VALUES ('172', 141, 1189629, 0);
INSERT INTO `income` (`id`, `user_id`, `income`, `tax_income`) VALUES ('173', 102, 1335065, 0);
INSERT INTO `income` (`id`, `user_id`, `income`, `tax_income`) VALUES ('174', 115, 897334, 0);
INSERT INTO `income` (`id`, `user_id`, `income`, `tax_income`) VALUES ('175', 106, 390505, 0);
INSERT INTO `income` (`id`, `user_id`, `income`, `tax_income`) VALUES ('176', 137, 1269231, 0);
INSERT INTO `income` (`id`, `user_id`, `income`, `tax_income`) VALUES ('177', 12, 118216, 0);
INSERT INTO `income` (`id`, `user_id`, `income`, `tax_income`) VALUES ('178', 204, 1031411, 0);
INSERT INTO `income` (`id`, `user_id`, `income`, `tax_income`) VALUES ('179', 238, 343055, 0);
INSERT INTO `income` (`id`, `user_id`, `income`, `tax_income`) VALUES ('180', 277, 1045220, 0);
INSERT INTO `income` (`id`, `user_id`, `income`, `tax_income`) VALUES ('181', 128, 241584, 0);
INSERT INTO `income` (`id`, `user_id`, `income`, `tax_income`) VALUES ('182', 202, 343694, 0);
INSERT INTO `income` (`id`, `user_id`, `income`, `tax_income`) VALUES ('183', 173, 1320029, 0);
INSERT INTO `income` (`id`, `user_id`, `income`, `tax_income`) VALUES ('184', 159, 703332, 0);
INSERT INTO `income` (`id`, `user_id`, `income`, `tax_income`) VALUES ('185', 249, 406495, 0);
INSERT INTO `income` (`id`, `user_id`, `income`, `tax_income`) VALUES ('186', 292, 769036, 0);
INSERT INTO `income` (`id`, `user_id`, `income`, `tax_income`) VALUES ('187', 35, 448755, 0);
INSERT INTO `income` (`id`, `user_id`, `income`, `tax_income`) VALUES ('188', 157, 1321201, 0);
INSERT INTO `income` (`id`, `user_id`, `income`, `tax_income`) VALUES ('189', 87, 1468363, 0);
INSERT INTO `income` (`id`, `user_id`, `income`, `tax_income`) VALUES ('190', 219, 489639, 0);
INSERT INTO `income` (`id`, `user_id`, `income`, `tax_income`) VALUES ('191', 295, 624381, 0);
INSERT INTO `income` (`id`, `user_id`, `income`, `tax_income`) VALUES ('192', 159, 616986, 0);
INSERT INTO `income` (`id`, `user_id`, `income`, `tax_income`) VALUES ('193', 101, 404694, 0);
INSERT INTO `income` (`id`, `user_id`, `income`, `tax_income`) VALUES ('194', 52, 913640, 0);
INSERT INTO `income` (`id`, `user_id`, `income`, `tax_income`) VALUES ('195', 209, 1414055, 0);
INSERT INTO `income` (`id`, `user_id`, `income`, `tax_income`) VALUES ('196', 224, 1112153, 0);
INSERT INTO `income` (`id`, `user_id`, `income`, `tax_income`) VALUES ('197', 23, 1098999, 0);
INSERT INTO `income` (`id`, `user_id`, `income`, `tax_income`) VALUES ('198', 9, 283801, 0);
INSERT INTO `income` (`id`, `user_id`, `income`, `tax_income`) VALUES ('199', 55, 1140832, 0);
INSERT INTO `income` (`id`, `user_id`, `income`, `tax_income`) VALUES ('200', 251, 182626, 0);
INSERT INTO `income` (`id`, `user_id`, `income`, `tax_income`) VALUES ('201', 171, 1115909, 0);
INSERT INTO `income` (`id`, `user_id`, `income`, `tax_income`) VALUES ('202', 148, 38850, 0);
INSERT INTO `income` (`id`, `user_id`, `income`, `tax_income`) VALUES ('203', 91, 1492789, 0);
INSERT INTO `income` (`id`, `user_id`, `income`, `tax_income`) VALUES ('204', 272, 926546, 0);
INSERT INTO `income` (`id`, `user_id`, `income`, `tax_income`) VALUES ('205', 263, 283202, 0);
INSERT INTO `income` (`id`, `user_id`, `income`, `tax_income`) VALUES ('206', 197, 899945, 0);
INSERT INTO `income` (`id`, `user_id`, `income`, `tax_income`) VALUES ('207', 108, 661543, 0);
INSERT INTO `income` (`id`, `user_id`, `income`, `tax_income`) VALUES ('208', 274, 1116078, 0);
INSERT INTO `income` (`id`, `user_id`, `income`, `tax_income`) VALUES ('209', 100, 454279, 0);
INSERT INTO `income` (`id`, `user_id`, `income`, `tax_income`) VALUES ('210', 46, 575644, 0);
INSERT INTO `income` (`id`, `user_id`, `income`, `tax_income`) VALUES ('211', 250, 294700, 0);
INSERT INTO `income` (`id`, `user_id`, `income`, `tax_income`) VALUES ('212', 228, 108271, 0);
INSERT INTO `income` (`id`, `user_id`, `income`, `tax_income`) VALUES ('213', 247, 1069778, 0);
INSERT INTO `income` (`id`, `user_id`, `income`, `tax_income`) VALUES ('214', 122, 1331203, 0);
INSERT INTO `income` (`id`, `user_id`, `income`, `tax_income`) VALUES ('215', 86, 237051, 0);
INSERT INTO `income` (`id`, `user_id`, `income`, `tax_income`) VALUES ('216', 196, 1334034, 0);
INSERT INTO `income` (`id`, `user_id`, `income`, `tax_income`) VALUES ('217', 113, 399336, 0);
INSERT INTO `income` (`id`, `user_id`, `income`, `tax_income`) VALUES ('218', 121, 30712, 0);
INSERT INTO `income` (`id`, `user_id`, `income`, `tax_income`) VALUES ('219', 52, 300673, 0);
INSERT INTO `income` (`id`, `user_id`, `income`, `tax_income`) VALUES ('220', 200, 733333, 0);
INSERT INTO `income` (`id`, `user_id`, `income`, `tax_income`) VALUES ('221', 40, 143827, 0);
INSERT INTO `income` (`id`, `user_id`, `income`, `tax_income`) VALUES ('222', 46, 830403, 0);
INSERT INTO `income` (`id`, `user_id`, `income`, `tax_income`) VALUES ('223', 58, 220123, 0);
INSERT INTO `income` (`id`, `user_id`, `income`, `tax_income`) VALUES ('224', 140, 572035, 0);
INSERT INTO `income` (`id`, `user_id`, `income`, `tax_income`) VALUES ('225', 98, 747536, 0);
INSERT INTO `income` (`id`, `user_id`, `income`, `tax_income`) VALUES ('226', 267, 265991, 0);
INSERT INTO `income` (`id`, `user_id`, `income`, `tax_income`) VALUES ('227', 63, 1163667, 0);
INSERT INTO `income` (`id`, `user_id`, `income`, `tax_income`) VALUES ('228', 120, 726022, 0);
INSERT INTO `income` (`id`, `user_id`, `income`, `tax_income`) VALUES ('229', 276, 635559, 0);
INSERT INTO `income` (`id`, `user_id`, `income`, `tax_income`) VALUES ('230', 118, 1492267, 0);
INSERT INTO `income` (`id`, `user_id`, `income`, `tax_income`) VALUES ('231', 71, 220644, 0);
INSERT INTO `income` (`id`, `user_id`, `income`, `tax_income`) VALUES ('232', 146, 835215, 0);
INSERT INTO `income` (`id`, `user_id`, `income`, `tax_income`) VALUES ('233', 266, 714616, 0);
INSERT INTO `income` (`id`, `user_id`, `income`, `tax_income`) VALUES ('234', 161, 1000177, 0);
INSERT INTO `income` (`id`, `user_id`, `income`, `tax_income`) VALUES ('235', 117, 832755, 0);
INSERT INTO `income` (`id`, `user_id`, `income`, `tax_income`) VALUES ('236', 228, 735332, 0);
INSERT INTO `income` (`id`, `user_id`, `income`, `tax_income`) VALUES ('237', 58, 921478, 0);
INSERT INTO `income` (`id`, `user_id`, `income`, `tax_income`) VALUES ('238', 225, 1102091, 0);
INSERT INTO `income` (`id`, `user_id`, `income`, `tax_income`) VALUES ('239', 202, 1107229, 0);
INSERT INTO `income` (`id`, `user_id`, `income`, `tax_income`) VALUES ('240', 157, 236474, 0);
INSERT INTO `income` (`id`, `user_id`, `income`, `tax_income`) VALUES ('241', 270, 758569, 0);
INSERT INTO `income` (`id`, `user_id`, `income`, `tax_income`) VALUES ('242', 152, 397677, 0);
INSERT INTO `income` (`id`, `user_id`, `income`, `tax_income`) VALUES ('243', 84, 1058692, 0);
INSERT INTO `income` (`id`, `user_id`, `income`, `tax_income`) VALUES ('244', 217, 465975, 0);
INSERT INTO `income` (`id`, `user_id`, `income`, `tax_income`) VALUES ('245', 273, 125692, 0);
INSERT INTO `income` (`id`, `user_id`, `income`, `tax_income`) VALUES ('246', 170, 702712, 0);
INSERT INTO `income` (`id`, `user_id`, `income`, `tax_income`) VALUES ('247', 113, 590092, 0);
INSERT INTO `income` (`id`, `user_id`, `income`, `tax_income`) VALUES ('248', 86, 318482, 0);
INSERT INTO `income` (`id`, `user_id`, `income`, `tax_income`) VALUES ('249', 291, 449061, 0);
INSERT INTO `income` (`id`, `user_id`, `income`, `tax_income`) VALUES ('250', 164, 1492246, 0);
INSERT INTO `income` (`id`, `user_id`, `income`, `tax_income`) VALUES ('251', 286, 811035, 0);
INSERT INTO `income` (`id`, `user_id`, `income`, `tax_income`) VALUES ('252', 30, 351984, 0);
INSERT INTO `income` (`id`, `user_id`, `income`, `tax_income`) VALUES ('253', 210, 1356824, 0);
INSERT INTO `income` (`id`, `user_id`, `income`, `tax_income`) VALUES ('254', 44, 1357965, 0);
INSERT INTO `income` (`id`, `user_id`, `income`, `tax_income`) VALUES ('255', 170, 1460442, 0);
INSERT INTO `income` (`id`, `user_id`, `income`, `tax_income`) VALUES ('256', 7, 442054, 0);
INSERT INTO `income` (`id`, `user_id`, `income`, `tax_income`) VALUES ('257', 10, 192116, 0);
INSERT INTO `income` (`id`, `user_id`, `income`, `tax_income`) VALUES ('258', 232, 683042, 0);
INSERT INTO `income` (`id`, `user_id`, `income`, `tax_income`) VALUES ('259', 127, 699370, 0);
INSERT INTO `income` (`id`, `user_id`, `income`, `tax_income`) VALUES ('260', 286, 684950, 0);
INSERT INTO `income` (`id`, `user_id`, `income`, `tax_income`) VALUES ('261', 50, 884105, 0);
INSERT INTO `income` (`id`, `user_id`, `income`, `tax_income`) VALUES ('262', 197, 180782, 0);
INSERT INTO `income` (`id`, `user_id`, `income`, `tax_income`) VALUES ('263', 131, 939437, 0);
INSERT INTO `income` (`id`, `user_id`, `income`, `tax_income`) VALUES ('264', 15, 883014, 0);
INSERT INTO `income` (`id`, `user_id`, `income`, `tax_income`) VALUES ('265', 58, 1073434, 0);
INSERT INTO `income` (`id`, `user_id`, `income`, `tax_income`) VALUES ('266', 248, 484936, 0);
INSERT INTO `income` (`id`, `user_id`, `income`, `tax_income`) VALUES ('267', 242, 1279693, 0);
INSERT INTO `income` (`id`, `user_id`, `income`, `tax_income`) VALUES ('268', 115, 1404911, 0);
INSERT INTO `income` (`id`, `user_id`, `income`, `tax_income`) VALUES ('269', 173, 203878, 0);
INSERT INTO `income` (`id`, `user_id`, `income`, `tax_income`) VALUES ('270', 144, 393047, 0);
INSERT INTO `income` (`id`, `user_id`, `income`, `tax_income`) VALUES ('271', 272, 237795, 0);
INSERT INTO `income` (`id`, `user_id`, `income`, `tax_income`) VALUES ('272', 142, 633649, 0);
INSERT INTO `income` (`id`, `user_id`, `income`, `tax_income`) VALUES ('273', 295, 978543, 0);
INSERT INTO `income` (`id`, `user_id`, `income`, `tax_income`) VALUES ('274', 56, 493645, 0);
INSERT INTO `income` (`id`, `user_id`, `income`, `tax_income`) VALUES ('275', 59, 135184, 0);
INSERT INTO `income` (`id`, `user_id`, `income`, `tax_income`) VALUES ('276', 268, 638462, 0);
INSERT INTO `income` (`id`, `user_id`, `income`, `tax_income`) VALUES ('277', 226, 986831, 0);
INSERT INTO `income` (`id`, `user_id`, `income`, `tax_income`) VALUES ('278', 171, 144341, 0);
INSERT INTO `income` (`id`, `user_id`, `income`, `tax_income`) VALUES ('279', 53, 347167, 0);
INSERT INTO `income` (`id`, `user_id`, `income`, `tax_income`) VALUES ('280', 216, 475344, 0);
INSERT INTO `income` (`id`, `user_id`, `income`, `tax_income`) VALUES ('281', 35, 41797, 0);
INSERT INTO `income` (`id`, `user_id`, `income`, `tax_income`) VALUES ('282', 39, 871290, 0);
INSERT INTO `income` (`id`, `user_id`, `income`, `tax_income`) VALUES ('283', 245, 1279397, 0);
INSERT INTO `income` (`id`, `user_id`, `income`, `tax_income`) VALUES ('284', 244, 39601, 0);
INSERT INTO `income` (`id`, `user_id`, `income`, `tax_income`) VALUES ('285', 82, 851224, 0);
INSERT INTO `income` (`id`, `user_id`, `income`, `tax_income`) VALUES ('286', 115, 978632, 0);
INSERT INTO `income` (`id`, `user_id`, `income`, `tax_income`) VALUES ('287', 251, 1101213, 0);
INSERT INTO `income` (`id`, `user_id`, `income`, `tax_income`) VALUES ('288', 92, 693893, 0);
INSERT INTO `income` (`id`, `user_id`, `income`, `tax_income`) VALUES ('289', 47, 1138474, 0);
INSERT INTO `income` (`id`, `user_id`, `income`, `tax_income`) VALUES ('290', 78, 1470029, 0);
INSERT INTO `income` (`id`, `user_id`, `income`, `tax_income`) VALUES ('291', 77, 1164436, 0);
INSERT INTO `income` (`id`, `user_id`, `income`, `tax_income`) VALUES ('292', 96, 1371843, 0);
INSERT INTO `income` (`id`, `user_id`, `income`, `tax_income`) VALUES ('293', 275, 216772, 0);
INSERT INTO `income` (`id`, `user_id`, `income`, `tax_income`) VALUES ('294', 208, 1430, 0);
INSERT INTO `income` (`id`, `user_id`, `income`, `tax_income`) VALUES ('295', 110, 1192637, 0);
INSERT INTO `income` (`id`, `user_id`, `income`, `tax_income`) VALUES ('296', 32, 652193, 0);
INSERT INTO `income` (`id`, `user_id`, `income`, `tax_income`) VALUES ('297', 155, 470691, 0);
INSERT INTO `income` (`id`, `user_id`, `income`, `tax_income`) VALUES ('298', 52, 371350, 0);
INSERT INTO `income` (`id`, `user_id`, `income`, `tax_income`) VALUES ('299', 147, 1259586, 0);
INSERT INTO `income` (`id`, `user_id`, `income`, `tax_income`) VALUES ('300', 27, 1137137, 0);


#
# TABLE STRUCTURE FOR: messages
#

DROP TABLE IF EXISTS `messages`;

CREATE TABLE `messages` (
  `id` int(10) unsigned NOT NULL AUTO_INCREMENT COMMENT 'Идентификатор строки',
  `from_user_id` int(10) unsigned NOT NULL COMMENT 'Ссылка на отправителя сообщения',
  `body` text COLLATE utf8_unicode_ci NOT NULL COMMENT 'Текст сообщения',
  `created_at` datetime DEFAULT current_timestamp() COMMENT 'Время создания строки',
  `updated_at` datetime DEFAULT current_timestamp() ON UPDATE current_timestamp() COMMENT 'Время обновления строки',
  PRIMARY KEY (`id`)
) ENGINE=InnoDB AUTO_INCREMENT=101 DEFAULT CHARSET=utf8 COLLATE=utf8_unicode_ci COMMENT='Сообщения';

INSERT INTO `messages` (`id`, `from_user_id`, `body`, `created_at`, `updated_at`) VALUES (1, 206, 'Voluptas quam est facere amet quae corporis. Dolorem quia nihil eos hic asperiores est. Voluptas iste doloremque qui delectus et deserunt.', '2007-10-23 10:04:53', '2005-12-31 18:40:49');
INSERT INTO `messages` (`id`, `from_user_id`, `body`, `created_at`, `updated_at`) VALUES (2, 148, 'Tempore nemo est iure ducimus ut repudiandae. Facilis porro laborum fuga fugit fugiat quis quae fugiat. Ipsam rerum est expedita aspernatur.', '2005-09-07 14:36:18', '2017-01-27 06:12:50');
INSERT INTO `messages` (`id`, `from_user_id`, `body`, `created_at`, `updated_at`) VALUES (3, 53, 'Asperiores enim cum eum reprehenderit consectetur saepe. Ducimus aut sit accusamus. Et aut dolor est alias. Praesentium vero et quibusdam asperiores aperiam similique eaque dolorum.', '1983-12-12 11:54:56', '1998-05-10 03:00:32');
INSERT INTO `messages` (`id`, `from_user_id`, `body`, `created_at`, `updated_at`) VALUES (4, 188, 'Iure corrupti itaque error libero voluptatem vel. Voluptate quo autem reprehenderit sunt sint fugit blanditiis. Omnis eos porro enim et adipisci aut in. Aut dicta voluptatem consequatur qui.', '2009-04-08 08:25:18', '2006-11-25 10:20:00');
INSERT INTO `messages` (`id`, `from_user_id`, `body`, `created_at`, `updated_at`) VALUES (5, 156, 'Omnis a incidunt consequuntur velit. Dolores accusamus voluptas qui sed necessitatibus doloribus repellendus. Ea et error voluptas ipsa.', '2001-01-28 00:35:04', '1986-11-23 13:19:21');
INSERT INTO `messages` (`id`, `from_user_id`, `body`, `created_at`, `updated_at`) VALUES (6, 165, 'Voluptates dolorem nulla ducimus repellat cum sed quas. Optio nisi officia quae voluptatibus aut. Velit est cupiditate iure illo placeat ab.', '1981-08-05 18:02:57', '1985-06-11 15:44:16');
INSERT INTO `messages` (`id`, `from_user_id`, `body`, `created_at`, `updated_at`) VALUES (7, 205, 'Exercitationem laudantium qui architecto quia sunt et. Distinctio eveniet sunt sed. Eveniet ut aut voluptates et. Iste qui ratione cupiditate minus hic provident.', '2000-04-05 07:19:41', '2003-12-09 04:59:20');
INSERT INTO `messages` (`id`, `from_user_id`, `body`, `created_at`, `updated_at`) VALUES (8, 23, 'Modi sunt neque natus cum corporis. Ut quaerat reiciendis omnis quaerat et recusandae ea. Iste occaecati dignissimos porro sit atque aut.', '2020-03-28 23:43:04', '1979-10-13 04:17:35');
INSERT INTO `messages` (`id`, `from_user_id`, `body`, `created_at`, `updated_at`) VALUES (9, 85, 'Reiciendis consequatur molestiae eum voluptates. Omnis ducimus maxime mollitia repellendus. Qui sunt perferendis corporis non. Sint cupiditate architecto dolor sapiente eius iste corrupti sed.', '1970-02-13 22:29:04', '1973-02-26 15:10:44');
INSERT INTO `messages` (`id`, `from_user_id`, `body`, `created_at`, `updated_at`) VALUES (10, 19, 'Voluptatem non itaque aut fuga earum. Quos et nesciunt reprehenderit esse. Ea impedit accusamus commodi dolorum.', '2017-02-04 15:48:23', '1998-07-07 02:40:52');
INSERT INTO `messages` (`id`, `from_user_id`, `body`, `created_at`, `updated_at`) VALUES (11, 180, 'Non tenetur nisi vel tenetur aut possimus consequatur et. In expedita quis vero maxime qui dolorem eum. Tempore culpa ut sed quidem rerum. Sequi quo omnis tempore nulla.', '2011-06-07 20:58:23', '2006-03-30 08:46:42');
INSERT INTO `messages` (`id`, `from_user_id`, `body`, `created_at`, `updated_at`) VALUES (12, 94, 'Velit rem quae minus enim. Ut impedit voluptates natus expedita vitae recusandae magni. Provident culpa est non aut natus natus maxime. Corrupti ducimus modi minima quia distinctio.', '2005-03-07 13:57:29', '1992-12-14 03:58:00');
INSERT INTO `messages` (`id`, `from_user_id`, `body`, `created_at`, `updated_at`) VALUES (13, 42, 'Unde numquam deserunt error et itaque. Atque rerum ut voluptates ad illum et. Saepe vero iusto maiores accusantium vel nihil.', '2018-09-05 19:00:35', '2020-07-28 21:35:53');
INSERT INTO `messages` (`id`, `from_user_id`, `body`, `created_at`, `updated_at`) VALUES (14, 213, 'In sunt aliquid maxime ea sed architecto. Dolor tenetur neque distinctio ipsam culpa hic. Facilis eum rem aut perferendis fuga dolores veritatis. Aut neque tenetur dolores reiciendis quia nihil rerum.', '1971-02-21 16:16:00', '2004-08-25 21:52:52');
INSERT INTO `messages` (`id`, `from_user_id`, `body`, `created_at`, `updated_at`) VALUES (15, 37, 'Quasi quia quibusdam minima harum maiores aperiam earum. Doloremque mollitia ut ducimus quis. Et temporibus ab sunt dolores maxime. Voluptatem est quas qui et aliquam.', '1981-12-23 15:51:17', '2009-02-21 00:57:08');
INSERT INTO `messages` (`id`, `from_user_id`, `body`, `created_at`, `updated_at`) VALUES (16, 168, 'Est quia incidunt quaerat eum enim. Esse et tempore aspernatur ut ad. Accusamus placeat at expedita totam optio. Facere et quasi qui fuga.', '2019-06-08 01:00:47', '1994-05-02 06:50:01');
INSERT INTO `messages` (`id`, `from_user_id`, `body`, `created_at`, `updated_at`) VALUES (17, 120, 'Eius sapiente et eveniet qui unde vel. Mollitia similique et repellat non cumque est. Ut provident optio quia aut occaecati.', '1995-01-31 19:26:45', '1983-12-03 15:16:07');
INSERT INTO `messages` (`id`, `from_user_id`, `body`, `created_at`, `updated_at`) VALUES (18, 287, 'Ad et nemo rerum libero. Id in qui nesciunt molestiae.', '1979-05-13 21:11:15', '1989-11-29 20:12:48');
INSERT INTO `messages` (`id`, `from_user_id`, `body`, `created_at`, `updated_at`) VALUES (19, 26, 'Repudiandae et et et maxime. Natus quo et dignissimos commodi. Officia est vero nulla ab.', '1975-04-17 14:05:45', '1986-09-06 09:21:38');
INSERT INTO `messages` (`id`, `from_user_id`, `body`, `created_at`, `updated_at`) VALUES (20, 31, 'Porro rerum placeat natus repellendus facere odit voluptatem. Deleniti dolore non laborum facere temporibus beatae quaerat.', '2001-09-24 07:29:58', '2008-06-17 10:21:50');
INSERT INTO `messages` (`id`, `from_user_id`, `body`, `created_at`, `updated_at`) VALUES (21, 285, 'Sint odio fugit enim incidunt eos quos. Blanditiis quisquam voluptatum est eligendi. Fugiat similique voluptates tempore. Velit reprehenderit perferendis est libero.', '1970-03-16 23:28:26', '2005-02-03 10:04:08');
INSERT INTO `messages` (`id`, `from_user_id`, `body`, `created_at`, `updated_at`) VALUES (22, 197, 'Eum voluptatem blanditiis modi quis qui. Itaque dolorum sit voluptatum aliquid fugiat. Dolores repellendus aut molestias ducimus nisi. Aspernatur ut alias dolor consequuntur ratione.', '1997-11-16 18:12:13', '2000-07-23 01:35:48');
INSERT INTO `messages` (`id`, `from_user_id`, `body`, `created_at`, `updated_at`) VALUES (23, 39, 'Quia dolor aliquid mollitia aliquid non. Fuga quo earum ducimus quia in consequuntur. Quis et quisquam laudantium. Quia praesentium maxime expedita nostrum eos explicabo eum. Deserunt sunt esse facilis consequatur.', '1985-09-21 10:35:51', '1994-04-10 21:15:33');
INSERT INTO `messages` (`id`, `from_user_id`, `body`, `created_at`, `updated_at`) VALUES (24, 278, 'Cupiditate non libero architecto et omnis culpa. Qui error sed magnam molestias nisi in qui. Quibusdam officia eum id quo porro. Rem quisquam consectetur sequi.', '1987-01-28 15:59:13', '1979-06-06 13:05:55');
INSERT INTO `messages` (`id`, `from_user_id`, `body`, `created_at`, `updated_at`) VALUES (25, 239, 'Hic iste vel expedita eius quia rerum quo. Minima fugit voluptatibus placeat sit aut. Quia aliquam non amet autem velit at harum. Voluptatum dolores fugit nobis.', '2000-04-16 18:05:25', '1970-04-26 08:31:35');
INSERT INTO `messages` (`id`, `from_user_id`, `body`, `created_at`, `updated_at`) VALUES (26, 235, 'Ut sunt et sapiente ab sequi inventore. Mollitia dicta dolor ut fuga facere numquam ut.', '1985-07-11 13:07:26', '1982-09-24 18:56:38');
INSERT INTO `messages` (`id`, `from_user_id`, `body`, `created_at`, `updated_at`) VALUES (27, 222, 'Dolorum aut sed iusto quia quia accusamus quis. Et velit voluptates aut. Magnam quas iusto consequatur molestias vitae eos. Repellat corrupti iusto et quisquam placeat corporis iusto nesciunt.', '1981-11-23 00:29:33', '1997-06-24 18:08:54');
INSERT INTO `messages` (`id`, `from_user_id`, `body`, `created_at`, `updated_at`) VALUES (28, 298, 'Consequatur aut ipsum voluptatem eum culpa fugiat qui. Omnis omnis cupiditate nemo deleniti dolore soluta. Consequatur est ut nemo labore quidem.', '1998-07-19 17:40:49', '1971-03-20 12:58:56');
INSERT INTO `messages` (`id`, `from_user_id`, `body`, `created_at`, `updated_at`) VALUES (29, 140, 'Dolor et officia similique iure dolorem aut vel. Temporibus deserunt est voluptatem. Est iste qui veniam eum laudantium explicabo.', '1998-03-26 03:35:47', '2009-05-30 01:44:44');
INSERT INTO `messages` (`id`, `from_user_id`, `body`, `created_at`, `updated_at`) VALUES (30, 177, 'Rerum reiciendis praesentium rem dolorem quos. Et natus totam voluptatibus quibusdam est. Cumque est quod cum non. Numquam eos odio mollitia exercitationem deserunt enim saepe sunt.', '2003-05-28 18:12:48', '1971-01-08 12:40:28');
INSERT INTO `messages` (`id`, `from_user_id`, `body`, `created_at`, `updated_at`) VALUES (31, 261, 'Eos ut dolorem non iste corrupti. Est vel dolor at voluptas quia consequatur sed. Vel voluptas est dolor. Necessitatibus nobis inventore quae nulla consequatur amet amet.', '1995-01-28 06:27:57', '2018-10-11 17:18:28');
INSERT INTO `messages` (`id`, `from_user_id`, `body`, `created_at`, `updated_at`) VALUES (32, 46, 'Facilis fugit error suscipit beatae. Dolorum qui repellat sit ab reprehenderit ullam optio qui. Doloremque eum voluptas aliquam dignissimos voluptas nostrum soluta. Culpa quod excepturi sequi nam saepe.', '1975-07-21 05:27:52', '1981-02-08 16:02:06');
INSERT INTO `messages` (`id`, `from_user_id`, `body`, `created_at`, `updated_at`) VALUES (33, 25, 'Laborum sit consequuntur nesciunt quibusdam repellat fugit qui. Facilis omnis optio sit quis. Impedit et ipsa perspiciatis ad ad molestiae. Illo sit voluptatem eos et dolore nobis magni.', '2013-04-20 02:02:19', '2015-03-03 05:25:10');
INSERT INTO `messages` (`id`, `from_user_id`, `body`, `created_at`, `updated_at`) VALUES (34, 13, 'Saepe voluptas praesentium impedit fugit esse maiores. Id est necessitatibus hic voluptatem. Quo et minus consequatur.', '1998-11-21 05:03:10', '1993-12-23 20:50:21');
INSERT INTO `messages` (`id`, `from_user_id`, `body`, `created_at`, `updated_at`) VALUES (35, 233, 'Harum eligendi blanditiis magni dolor rerum qui esse. Soluta et laboriosam voluptas vitae. Minima id ipsam consequuntur et. Libero ex illum illo pariatur rerum.', '1992-07-25 01:45:20', '1983-08-12 01:12:44');
INSERT INTO `messages` (`id`, `from_user_id`, `body`, `created_at`, `updated_at`) VALUES (36, 181, 'Optio sit expedita est animi perferendis. Voluptas est qui quia.', '2018-07-02 22:19:45', '1995-12-08 02:26:42');
INSERT INTO `messages` (`id`, `from_user_id`, `body`, `created_at`, `updated_at`) VALUES (37, 177, 'Eum nesciunt similique doloremque inventore. Cum debitis ipsam accusamus earum officiis consequatur. Nisi voluptatibus aspernatur nesciunt atque. Molestiae velit ad illum est iste qui asperiores quasi. Voluptates doloremque expedita culpa saepe ut consequuntur non molestiae.', '2011-01-05 08:14:01', '2007-02-15 09:26:25');
INSERT INTO `messages` (`id`, `from_user_id`, `body`, `created_at`, `updated_at`) VALUES (38, 137, 'Eaque sequi corrupti quam laborum aliquid. Ipsam voluptate est aut impedit dolores vero. Ipsa animi inventore fugit adipisci enim quae corporis et. Ut a ratione amet sint.', '2018-06-17 22:52:31', '1971-06-08 20:56:55');
INSERT INTO `messages` (`id`, `from_user_id`, `body`, `created_at`, `updated_at`) VALUES (39, 203, 'Nam nihil odit nihil exercitationem. Vitae occaecati incidunt earum consequatur expedita et aut odio. Aliquid consequatur adipisci atque expedita animi ipsa iure.', '1974-08-26 08:34:58', '1982-07-05 16:36:16');
INSERT INTO `messages` (`id`, `from_user_id`, `body`, `created_at`, `updated_at`) VALUES (40, 262, 'Exercitationem enim necessitatibus animi odit. Ut libero quo et debitis provident. Culpa fugiat minima neque unde dolore accusamus rerum.', '2020-01-04 06:58:10', '1993-02-19 16:24:40');
INSERT INTO `messages` (`id`, `from_user_id`, `body`, `created_at`, `updated_at`) VALUES (41, 156, 'Voluptatum distinctio corporis nihil sit dolores. Nihil sapiente voluptas impedit aut rem consequuntur. Quia quia amet quidem omnis vel a. Provident neque voluptatem quidem nesciunt provident quidem.', '2000-04-07 19:48:20', '1981-10-17 21:21:28');
INSERT INTO `messages` (`id`, `from_user_id`, `body`, `created_at`, `updated_at`) VALUES (42, 83, 'Veniam pariatur libero ipsam eos deserunt repellendus. Cupiditate exercitationem aut amet magnam adipisci. Magni voluptates qui dolorem voluptatem dolorem fugit. Eum eum quaerat dicta iure non ullam dolorem possimus.', '1978-07-15 19:18:22', '2009-08-02 15:42:53');
INSERT INTO `messages` (`id`, `from_user_id`, `body`, `created_at`, `updated_at`) VALUES (43, 56, 'Possimus maiores ipsum animi vero. In possimus voluptatem vel quo deserunt non illum. Consequuntur eveniet tempore ea dolore sit.', '1970-07-03 09:21:55', '2006-09-12 17:27:05');
INSERT INTO `messages` (`id`, `from_user_id`, `body`, `created_at`, `updated_at`) VALUES (44, 197, 'Et neque distinctio itaque exercitationem explicabo et impedit. Rerum laudantium qui rerum deserunt. Molestiae dolorem saepe laudantium quaerat veritatis. Itaque illum id reprehenderit architecto.', '1972-06-07 17:40:50', '1985-03-17 21:12:04');
INSERT INTO `messages` (`id`, `from_user_id`, `body`, `created_at`, `updated_at`) VALUES (45, 296, 'Esse quo nesciunt cumque sapiente error molestias omnis. Sed blanditiis sit ipsam nostrum corrupti.', '2002-07-27 13:24:01', '1977-09-29 18:36:13');
INSERT INTO `messages` (`id`, `from_user_id`, `body`, `created_at`, `updated_at`) VALUES (46, 93, 'Consectetur laboriosam hic sint ea soluta minus tenetur. Exercitationem libero sed aliquid consequatur nihil qui. Minus debitis ut quae voluptates.', '1983-11-03 00:35:26', '1987-11-17 18:17:07');
INSERT INTO `messages` (`id`, `from_user_id`, `body`, `created_at`, `updated_at`) VALUES (47, 64, 'Ut corrupti doloribus reiciendis est modi atque. Fugit enim hic esse et. Dolorum mollitia itaque natus voluptate vel voluptas. Modi sit ut nulla amet.', '1980-11-07 18:02:31', '2010-03-20 07:33:45');
INSERT INTO `messages` (`id`, `from_user_id`, `body`, `created_at`, `updated_at`) VALUES (48, 115, 'Ipsa quos asperiores vel inventore occaecati voluptatem et. Aspernatur impedit natus error reprehenderit quas sunt quibusdam. Accusamus quidem ipsa eveniet et quisquam consequatur cumque tempore.', '1983-07-29 07:48:13', '1978-08-10 17:17:22');
INSERT INTO `messages` (`id`, `from_user_id`, `body`, `created_at`, `updated_at`) VALUES (49, 79, 'Repudiandae quidem velit voluptatum magni at aspernatur eaque. Ex eaque accusantium soluta officia. Vero placeat harum ducimus.', '2004-04-07 08:20:08', '2000-05-17 09:23:20');
INSERT INTO `messages` (`id`, `from_user_id`, `body`, `created_at`, `updated_at`) VALUES (50, 89, 'Placeat velit qui ducimus. Qui rerum in qui debitis quas voluptas distinctio. Delectus tempora ipsam facilis. Perferendis ut dicta doloribus eos.', '1988-04-30 08:14:41', '1999-01-09 04:28:16');
INSERT INTO `messages` (`id`, `from_user_id`, `body`, `created_at`, `updated_at`) VALUES (51, 146, 'Rem eum dicta veniam in nam aliquid. Est dolores sed quae ut et. Eveniet voluptas quibusdam voluptatem provident dolorum voluptatem sed.', '2008-07-24 08:21:58', '2013-03-30 19:07:10');
INSERT INTO `messages` (`id`, `from_user_id`, `body`, `created_at`, `updated_at`) VALUES (52, 63, 'Labore velit id ipsum maxime minima eum dolores. Nobis autem maxime cumque nostrum quod eius.', '2012-08-16 22:21:07', '2017-12-25 01:53:32');
INSERT INTO `messages` (`id`, `from_user_id`, `body`, `created_at`, `updated_at`) VALUES (53, 285, 'Nulla iste consequatur molestiae quaerat ducimus. Qui ipsa qui sunt dolores.', '2016-07-23 22:07:41', '1985-06-23 08:18:32');
INSERT INTO `messages` (`id`, `from_user_id`, `body`, `created_at`, `updated_at`) VALUES (54, 184, 'Possimus excepturi sint ut labore labore labore eos. Aut ipsa beatae et maiores sint assumenda porro. Provident ex nisi sapiente maxime.', '1991-08-01 10:45:18', '1982-06-05 15:25:06');
INSERT INTO `messages` (`id`, `from_user_id`, `body`, `created_at`, `updated_at`) VALUES (55, 40, 'Illo fugiat in qui veniam voluptatibus reprehenderit. Ipsa ea quam qui ratione non. Non omnis dolores repellendus possimus aspernatur sequi. Dolorum blanditiis voluptatem magni quaerat nisi totam.', '1975-09-28 04:49:10', '2009-06-24 02:05:25');
INSERT INTO `messages` (`id`, `from_user_id`, `body`, `created_at`, `updated_at`) VALUES (56, 223, 'Et quas voluptas deleniti eum. Et optio est enim aut soluta. Quasi nemo ducimus voluptatibus eos vero.', '1987-12-17 02:19:05', '2000-03-22 13:51:20');
INSERT INTO `messages` (`id`, `from_user_id`, `body`, `created_at`, `updated_at`) VALUES (57, 119, 'Nihil et sed unde eum autem. Accusamus quaerat et voluptate similique provident tempore rerum tempore. Unde voluptas ut veritatis amet similique aut eligendi.', '1987-06-30 16:58:42', '2001-10-24 04:09:53');
INSERT INTO `messages` (`id`, `from_user_id`, `body`, `created_at`, `updated_at`) VALUES (58, 261, 'Esse necessitatibus unde maxime reprehenderit. Cupiditate cumque voluptas hic. Autem quasi ullam veniam.', '1971-10-06 01:31:16', '2001-06-03 03:31:19');
INSERT INTO `messages` (`id`, `from_user_id`, `body`, `created_at`, `updated_at`) VALUES (59, 221, 'Delectus reprehenderit laudantium culpa est totam tenetur ut corporis. Rem est ut debitis dolorum. Fugiat voluptas quae dolorum maxime voluptatem repellat doloremque voluptas. Exercitationem quia voluptatem id.', '1993-03-18 16:48:00', '1991-04-19 00:39:56');
INSERT INTO `messages` (`id`, `from_user_id`, `body`, `created_at`, `updated_at`) VALUES (60, 258, 'Quod eum illo sed et praesentium sunt ad nemo. Sapiente reprehenderit non et corrupti. Modi non omnis pariatur nesciunt aut dolore eligendi. Nostrum voluptatem saepe quos atque eum.', '2003-11-30 09:10:41', '2004-01-30 08:07:13');
INSERT INTO `messages` (`id`, `from_user_id`, `body`, `created_at`, `updated_at`) VALUES (61, 138, 'Pariatur error non quisquam iure vel. Repudiandae corrupti velit ullam possimus. Ullam quisquam voluptas consequuntur earum corporis. Maiores a quae veniam aspernatur eveniet asperiores. Ut quod eaque quisquam soluta voluptates.', '2012-04-27 20:43:10', '1979-08-11 08:06:19');
INSERT INTO `messages` (`id`, `from_user_id`, `body`, `created_at`, `updated_at`) VALUES (62, 182, 'Animi quam soluta rerum rerum. Ea et dolores dolorem. Ipsam est quasi et eligendi quos voluptas aliquam.', '1977-04-20 15:11:40', '1999-09-16 13:29:41');
INSERT INTO `messages` (`id`, `from_user_id`, `body`, `created_at`, `updated_at`) VALUES (63, 4, 'Voluptas quis quis voluptatem iure sint. Perferendis eius totam adipisci debitis error neque. Error eos voluptate at rerum voluptates rerum. Odio et adipisci ullam aspernatur sit voluptatibus.', '1988-02-21 00:13:07', '1999-12-15 04:01:21');
INSERT INTO `messages` (`id`, `from_user_id`, `body`, `created_at`, `updated_at`) VALUES (64, 163, 'Cumque incidunt et veniam officia. Blanditiis eum rerum cum dolor. Corporis id omnis nesciunt et ipsa est deleniti.', '2001-02-04 02:41:13', '2000-07-01 14:19:24');
INSERT INTO `messages` (`id`, `from_user_id`, `body`, `created_at`, `updated_at`) VALUES (65, 194, 'Debitis est et velit debitis. Blanditiis fugit reprehenderit aperiam doloribus perferendis. In quia minima dolore laboriosam doloribus eos quisquam. Incidunt ipsam odit perspiciatis in numquam debitis.', '1979-11-08 19:18:04', '1971-11-13 22:23:51');
INSERT INTO `messages` (`id`, `from_user_id`, `body`, `created_at`, `updated_at`) VALUES (66, 236, 'Sit vel et voluptas ut. Ut et deserunt tempora earum voluptatem est sequi. Ipsum voluptas illo dolor voluptatibus excepturi.', '1991-12-01 19:28:01', '2018-05-04 09:12:12');
INSERT INTO `messages` (`id`, `from_user_id`, `body`, `created_at`, `updated_at`) VALUES (67, 43, 'Magni veritatis porro eaque quam consequuntur. Ipsam nesciunt eos eum aut. Est perferendis numquam voluptatem voluptatem minus aut qui.', '1985-05-22 00:37:17', '2019-11-10 13:40:09');
INSERT INTO `messages` (`id`, `from_user_id`, `body`, `created_at`, `updated_at`) VALUES (68, 71, 'Quaerat fuga rerum sunt quo commodi nihil. At magni adipisci temporibus voluptas recusandae quod. Laudantium ipsa deleniti quia. Magnam autem vitae minus porro nisi voluptatem sint.', '1987-12-24 15:48:58', '1988-07-21 12:26:55');
INSERT INTO `messages` (`id`, `from_user_id`, `body`, `created_at`, `updated_at`) VALUES (69, 73, 'Maiores impedit at ut vel qui. Doloremque quos neque expedita esse quis sint. Modi id nisi ipsa. Vel illum est quod in et quia et ea.', '1971-08-29 21:16:57', '2002-07-26 15:24:18');
INSERT INTO `messages` (`id`, `from_user_id`, `body`, `created_at`, `updated_at`) VALUES (70, 246, 'Reiciendis explicabo saepe dignissimos perspiciatis qui aut. Possimus et molestias est id sapiente repellat perspiciatis et. Aut laudantium debitis placeat voluptate totam illum. Autem distinctio fugit error aut laudantium.', '1985-05-22 22:01:09', '2006-04-18 18:37:07');
INSERT INTO `messages` (`id`, `from_user_id`, `body`, `created_at`, `updated_at`) VALUES (71, 33, 'Voluptas rerum aut sint harum libero. Enim libero et voluptatem accusantium dolorum velit. Ut ea qui vero possimus corporis excepturi cumque.', '1988-05-19 19:19:59', '2015-08-09 19:20:31');
INSERT INTO `messages` (`id`, `from_user_id`, `body`, `created_at`, `updated_at`) VALUES (72, 228, 'Et ut enim ducimus ut eaque. Beatae soluta quae nobis architecto animi. Et quia temporibus nesciunt accusantium necessitatibus ab eveniet. A omnis ipsam voluptate consectetur numquam.', '2014-03-02 22:29:35', '1971-07-16 06:24:58');
INSERT INTO `messages` (`id`, `from_user_id`, `body`, `created_at`, `updated_at`) VALUES (73, 28, 'Non sed nisi laboriosam dignissimos recusandae sit. Eius ullam qui enim commodi aut.', '2001-10-16 02:11:40', '2012-11-27 21:56:30');
INSERT INTO `messages` (`id`, `from_user_id`, `body`, `created_at`, `updated_at`) VALUES (74, 88, 'Consequatur quos temporibus ut quas consequuntur voluptatibus. Quia ipsam earum iure nihil dolorum corporis. Aspernatur reprehenderit dolore quaerat similique corporis. Velit ut doloribus est repudiandae.', '1990-09-17 04:36:56', '1976-07-09 15:45:31');
INSERT INTO `messages` (`id`, `from_user_id`, `body`, `created_at`, `updated_at`) VALUES (75, 124, 'Iste explicabo accusamus rerum et quis vitae voluptatem sit. Dicta quo ipsam rerum aliquam omnis recusandae. Impedit molestiae omnis et magni. Minus enim occaecati et qui.', '2006-10-27 04:59:23', '1974-02-23 22:23:08');
INSERT INTO `messages` (`id`, `from_user_id`, `body`, `created_at`, `updated_at`) VALUES (76, 24, 'Hic quo doloremque iusto sed et suscipit est. Fuga expedita excepturi fugiat. Error veritatis neque sit vitae tempora quos.', '2003-02-28 04:30:09', '2012-03-19 02:00:20');
INSERT INTO `messages` (`id`, `from_user_id`, `body`, `created_at`, `updated_at`) VALUES (77, 180, 'Aut error sed quasi eaque nesciunt. Rerum reprehenderit rerum accusantium natus omnis in quaerat cum. Quos quia debitis maxime nihil earum. Doloribus ut a aut ullam alias quas.', '2018-12-25 13:41:29', '2002-01-06 19:43:39');
INSERT INTO `messages` (`id`, `from_user_id`, `body`, `created_at`, `updated_at`) VALUES (78, 188, 'Dolores esse maiores porro aut. Quibusdam est et laboriosam asperiores illo. Quam aut culpa voluptatibus cupiditate laboriosam ex. Ea accusantium culpa dolorum.', '2016-01-18 01:00:41', '2010-09-06 15:44:26');
INSERT INTO `messages` (`id`, `from_user_id`, `body`, `created_at`, `updated_at`) VALUES (79, 139, 'Consequatur suscipit quod reprehenderit accusantium sit sint perferendis incidunt. Illum ipsam tenetur error numquam. Voluptatem harum ut dolorem et debitis omnis. Repudiandae doloremque perspiciatis ipsum inventore accusantium et nobis.', '2018-09-28 15:45:51', '1999-07-14 15:24:09');
INSERT INTO `messages` (`id`, `from_user_id`, `body`, `created_at`, `updated_at`) VALUES (80, 258, 'Repellendus facilis delectus similique a est aut dicta eligendi. Deleniti eum occaecati quidem dolores maxime similique cumque. Id at ipsa eum unde doloribus non omnis cum.', '2012-08-14 09:57:00', '1984-09-13 18:53:05');
INSERT INTO `messages` (`id`, `from_user_id`, `body`, `created_at`, `updated_at`) VALUES (81, 276, 'Dolore reprehenderit officia maiores a fugit ab qui ab. Unde quia consequuntur aut eum. Repellat facere dolor molestiae quisquam. Ullam aut velit quasi ratione dolores fuga quasi est.', '1997-01-25 18:49:34', '1989-07-27 13:30:08');
INSERT INTO `messages` (`id`, `from_user_id`, `body`, `created_at`, `updated_at`) VALUES (82, 284, 'Rerum quidem saepe nemo culpa ut. Est maiores quia accusantium architecto aspernatur. Quis qui voluptas et occaecati voluptas qui ut vero. Reiciendis ducimus omnis et ut aliquid.', '1997-09-17 19:52:11', '1971-09-13 19:40:28');
INSERT INTO `messages` (`id`, `from_user_id`, `body`, `created_at`, `updated_at`) VALUES (83, 20, 'Quasi occaecati saepe sequi expedita nisi aut sequi. Vel corrupti ut quisquam itaque sunt rerum sint. Necessitatibus voluptatem qui ipsa fugit quis facere necessitatibus. Occaecati commodi totam ut facilis ipsum rerum distinctio.', '1978-10-30 03:41:54', '2017-12-22 11:37:22');
INSERT INTO `messages` (`id`, `from_user_id`, `body`, `created_at`, `updated_at`) VALUES (84, 261, 'Aspernatur eveniet iure perspiciatis qui beatae impedit qui. Ducimus laboriosam aut atque. Neque suscipit veniam praesentium similique qui. Eum ratione quia et non ut porro unde.', '1984-10-26 02:16:08', '1982-11-22 03:42:21');
INSERT INTO `messages` (`id`, `from_user_id`, `body`, `created_at`, `updated_at`) VALUES (85, 168, 'Similique voluptatibus in suscipit eum et eaque. Ducimus sunt laboriosam qui impedit eos deleniti distinctio aut.', '1994-04-11 21:11:09', '1986-05-03 09:45:44');
INSERT INTO `messages` (`id`, `from_user_id`, `body`, `created_at`, `updated_at`) VALUES (86, 60, 'At repellendus reprehenderit consequatur officiis facilis sunt. Vel ut odit nam eius. Velit eligendi impedit et doloremque. Qui ea illo similique veritatis.', '1996-06-18 15:38:18', '1997-01-05 17:53:55');
INSERT INTO `messages` (`id`, `from_user_id`, `body`, `created_at`, `updated_at`) VALUES (87, 184, 'Cupiditate voluptate temporibus minus et. Aut quo eum iste est assumenda maxime aut. Hic autem asperiores recusandae eum quibusdam quia aspernatur.', '1990-11-02 00:39:19', '2013-11-05 21:42:56');
INSERT INTO `messages` (`id`, `from_user_id`, `body`, `created_at`, `updated_at`) VALUES (88, 286, 'Occaecati rem et reiciendis eos. Voluptates ad hic sint totam voluptatem beatae. Qui eaque tempora placeat non totam molestias. Reiciendis dicta libero maiores neque quia veniam.', '2002-02-18 15:07:24', '1982-06-04 19:30:14');
INSERT INTO `messages` (`id`, `from_user_id`, `body`, `created_at`, `updated_at`) VALUES (89, 20, 'Velit iste aspernatur et magnam exercitationem sunt. Vel assumenda temporibus magnam. Deserunt nemo architecto nemo reprehenderit fugit. Sed aut nostrum magni id libero minus aut laborum.', '1990-08-22 01:18:04', '2007-03-08 22:48:42');
INSERT INTO `messages` (`id`, `from_user_id`, `body`, `created_at`, `updated_at`) VALUES (90, 105, 'In natus doloribus officiis at hic. Atque est nihil voluptas. Exercitationem ut neque optio blanditiis et similique non. Molestiae id occaecati non.', '2009-03-19 17:35:33', '1991-01-04 03:45:21');
INSERT INTO `messages` (`id`, `from_user_id`, `body`, `created_at`, `updated_at`) VALUES (91, 243, 'Optio facere sit aut quam quis non dicta. Id exercitationem dolorem sed temporibus et. Sit sint quae dicta quae ea.', '2004-02-26 20:29:53', '2006-05-24 05:30:55');
INSERT INTO `messages` (`id`, `from_user_id`, `body`, `created_at`, `updated_at`) VALUES (92, 158, 'Dolores qui dolores facere similique assumenda dolorem. Ab molestias fugiat repellendus voluptates. Vitae voluptatem odio qui temporibus natus maiores esse.', '1996-02-02 02:26:15', '2007-09-29 05:15:28');
INSERT INTO `messages` (`id`, `from_user_id`, `body`, `created_at`, `updated_at`) VALUES (93, 286, 'Ut quis assumenda sed deserunt. Animi cumque eveniet odit nulla. Maxime dolor nihil eos aliquam. Nesciunt consequatur et temporibus.', '2017-04-26 19:08:17', '1988-09-08 22:23:21');
INSERT INTO `messages` (`id`, `from_user_id`, `body`, `created_at`, `updated_at`) VALUES (94, 247, 'Officia repudiandae dolor ratione. Officia fuga omnis distinctio molestias. Qui aut alias modi sunt sint harum sit quisquam.', '1980-11-23 08:16:59', '2017-11-12 14:47:22');
INSERT INTO `messages` (`id`, `from_user_id`, `body`, `created_at`, `updated_at`) VALUES (95, 20, 'Quas alias ipsam aut porro assumenda beatae. Voluptatem dolorum possimus animi et ea dolores ipsum. Fuga sequi accusantium dolor ad iure qui eligendi. Est dolorum laboriosam delectus aut rerum sunt ea at.', '2014-08-26 05:44:47', '2014-12-22 19:37:29');
INSERT INTO `messages` (`id`, `from_user_id`, `body`, `created_at`, `updated_at`) VALUES (96, 180, 'Voluptas ut fugit voluptatem ipsa molestias fugit beatae. Provident consequatur inventore et. Magnam in unde ut porro.', '2004-01-17 06:29:35', '1989-07-23 20:15:12');
INSERT INTO `messages` (`id`, `from_user_id`, `body`, `created_at`, `updated_at`) VALUES (97, 182, 'Vitae unde voluptatem omnis dolorem sunt. Qui quae architecto nostrum atque. Molestiae soluta incidunt repudiandae.', '1992-05-31 16:00:43', '1984-02-08 02:23:28');
INSERT INTO `messages` (`id`, `from_user_id`, `body`, `created_at`, `updated_at`) VALUES (98, 63, 'Fugiat ut ab ad. Molestiae sint ipsam sit et expedita repellendus aut. Libero animi enim rem. Est cumque repellat asperiores atque. Tenetur quos occaecati hic minus temporibus qui eveniet.', '1988-06-09 07:57:53', '1974-09-23 05:10:08');
INSERT INTO `messages` (`id`, `from_user_id`, `body`, `created_at`, `updated_at`) VALUES (99, 250, 'Quis qui iste explicabo consequatur officia quo a. Eos aut quas architecto dolores expedita harum qui sit. Ab accusamus voluptatem deleniti veritatis perferendis. Eos nemo voluptatem est delectus et.', '1994-03-21 16:24:30', '1994-10-02 04:19:33');
INSERT INTO `messages` (`id`, `from_user_id`, `body`, `created_at`, `updated_at`) VALUES (100, 255, 'Sunt quis quis in sint qui. Blanditiis odit quam nobis aut odio aspernatur. Ut minima eos ab inventore itaque repudiandae qui.', '2003-01-18 23:45:35', '2016-04-01 09:49:49');


#
# TABLE STRUCTURE FOR: other_estate
#

DROP TABLE IF EXISTS `other_estate`;

CREATE TABLE `other_estate` (
  `id` int(10) unsigned NOT NULL AUTO_INCREMENT COMMENT 'ID нежилого помещения',
  `address` text COLLATE utf8_unicode_ci NOT NULL COMMENT 'Адрес',
  `area` int(10) DEFAULT NULL COMMENT 'Площадь',
  `created_at` datetime DEFAULT current_timestamp() COMMENT 'Время создания строки',
  PRIMARY KEY (`id`)
) ENGINE=InnoDB AUTO_INCREMENT=101 DEFAULT CHARSET=utf8 COLLATE=utf8_unicode_ci COMMENT='Нежилое помещение';

INSERT INTO `other_estate` (`id`, `address`, `area`, `created_at`) VALUES (1, '20239 VonRueden Rapid Suite 782\nDarrickshire, ME 44060', 53, '2019-11-02 18:59:39');
INSERT INTO `other_estate` (`id`, `address`, `area`, `created_at`) VALUES (2, '55136 Kemmer Court\nSouth Waldo, NH 94219-9893', 999, '2013-07-07 06:37:04');
INSERT INTO `other_estate` (`id`, `address`, `area`, `created_at`) VALUES (3, '2558 Odell Parkway\nMcGlynnfort, ME 24706-2330', 324, '2020-01-17 21:03:42');
INSERT INTO `other_estate` (`id`, `address`, `area`, `created_at`) VALUES (4, '77309 Bobbie Falls\nLake Blairmouth, ND 69781-7107', 547, '2015-06-24 09:04:12');
INSERT INTO `other_estate` (`id`, `address`, `area`, `created_at`) VALUES (5, '29929 Effertz Square\nDonnellyfurt, WA 21464-7559', 681, '2014-11-30 12:24:08');
INSERT INTO `other_estate` (`id`, `address`, `area`, `created_at`) VALUES (6, '055 Pouros Harbors Suite 449\nEast Virginie, WI 01171', 935, '2018-08-08 00:37:19');
INSERT INTO `other_estate` (`id`, `address`, `area`, `created_at`) VALUES (7, '17575 Dallin Turnpike Suite 260\nJermaineville, NM 70761', 605, '2018-06-21 08:18:24');
INSERT INTO `other_estate` (`id`, `address`, `area`, `created_at`) VALUES (8, '40856 Ena Crossroad Apt. 622\nLake Lauren, SC 88677-5983', 223, '2009-05-21 16:20:51');
INSERT INTO `other_estate` (`id`, `address`, `area`, `created_at`) VALUES (9, '2357 Stamm Knolls Suite 602\nWittingport, NJ 49888-7715', 71, '2009-03-01 19:25:24');
INSERT INTO `other_estate` (`id`, `address`, `area`, `created_at`) VALUES (10, '7095 Quentin Route\nSouth Lafayetteshire, TN 37337-6099', 840, '2018-11-14 19:37:50');
INSERT INTO `other_estate` (`id`, `address`, `area`, `created_at`) VALUES (11, '525 O\'Connell Light\nFrederikmouth, AZ 26414', 504, '2011-05-24 09:43:34');
INSERT INTO `other_estate` (`id`, `address`, `area`, `created_at`) VALUES (12, '16306 Esteban Trail\nBrookeport, NM 79392', 709, '2008-11-30 00:21:02');
INSERT INTO `other_estate` (`id`, `address`, `area`, `created_at`) VALUES (13, '34292 Elissa Crossroad\nDickenschester, OR 45333-2534', 545, '2013-04-11 16:08:23');
INSERT INTO `other_estate` (`id`, `address`, `area`, `created_at`) VALUES (14, '2456 Volkman Stream\nRaynormouth, FL 12738', 142, '2019-02-21 04:29:55');
INSERT INTO `other_estate` (`id`, `address`, `area`, `created_at`) VALUES (15, '7902 Ritchie Station\nNorth Nels, AR 44430-9461', 488, '2006-05-24 14:51:50');
INSERT INTO `other_estate` (`id`, `address`, `area`, `created_at`) VALUES (16, '5600 Asa Valley\nAudraport, AR 35376', 63, '2010-09-24 05:08:16');
INSERT INTO `other_estate` (`id`, `address`, `area`, `created_at`) VALUES (17, '55516 Hodkiewicz Inlet\nSchneiderberg, VA 73548-8636', 321, '2010-09-17 23:40:19');
INSERT INTO `other_estate` (`id`, `address`, `area`, `created_at`) VALUES (18, '0388 Kathryn Drives Apt. 063\nJackieside, VA 27886-2690', 834, '2019-07-25 07:54:53');
INSERT INTO `other_estate` (`id`, `address`, `area`, `created_at`) VALUES (19, '03512 Wilderman Fork Suite 545\nMollyton, ND 81701', 166, '2018-11-16 03:13:26');
INSERT INTO `other_estate` (`id`, `address`, `area`, `created_at`) VALUES (20, '942 Elta Bypass Suite 352\nEast Omer, GA 52892', 319, '2017-11-20 21:13:50');
INSERT INTO `other_estate` (`id`, `address`, `area`, `created_at`) VALUES (21, '0259 Haylie Springs Apt. 223\nGarrickbury, MN 80504-2338', 148, '2014-02-18 00:55:10');
INSERT INTO `other_estate` (`id`, `address`, `area`, `created_at`) VALUES (22, '35171 Jacobs Row\nRosenbaumberg, MD 61992', 922, '2011-01-30 06:06:37');
INSERT INTO `other_estate` (`id`, `address`, `area`, `created_at`) VALUES (23, '6179 Harris Highway Suite 093\nLake Emerald, MD 23009-1784', 731, '2012-10-20 18:43:59');
INSERT INTO `other_estate` (`id`, `address`, `area`, `created_at`) VALUES (24, '626 Adam Groves Apt. 215\nGiovannatown, NC 32358-3086', 140, '2010-05-28 09:25:47');
INSERT INTO `other_estate` (`id`, `address`, `area`, `created_at`) VALUES (25, '71392 Liliana Spurs Apt. 943\nClarastad, CA 00670-2466', 996, '2006-08-17 11:27:49');
INSERT INTO `other_estate` (`id`, `address`, `area`, `created_at`) VALUES (26, '82028 Dorian Harbor\nPort Okeyfort, OH 98885-6011', 393, '2016-02-14 01:45:28');
INSERT INTO `other_estate` (`id`, `address`, `area`, `created_at`) VALUES (27, '7107 Frami Freeway\nLake Zackerystad, NJ 15977-6102', 24, '2005-09-07 16:25:52');
INSERT INTO `other_estate` (`id`, `address`, `area`, `created_at`) VALUES (28, '47295 Paige Drives Apt. 348\nWest Lamontfurt, NE 53795-0742', 567, '2007-09-27 15:12:08');
INSERT INTO `other_estate` (`id`, `address`, `area`, `created_at`) VALUES (29, '3832 Guiseppe Forest\nSouth Carrie, DE 02528-2717', 186, '2013-07-07 03:18:42');
INSERT INTO `other_estate` (`id`, `address`, `area`, `created_at`) VALUES (30, '027 Hirthe Run\nLuciennefurt, MD 82765', 351, '2020-07-14 07:34:08');
INSERT INTO `other_estate` (`id`, `address`, `area`, `created_at`) VALUES (31, '4726 Lehner Dam\nPearliebury, MT 07872', 798, '2008-07-29 21:53:22');
INSERT INTO `other_estate` (`id`, `address`, `area`, `created_at`) VALUES (32, '79491 Forest Landing\nNorth Marquesmouth, CO 12740', 418, '2011-09-28 07:10:00');
INSERT INTO `other_estate` (`id`, `address`, `area`, `created_at`) VALUES (33, '9308 Bechtelar Forges\nNorth Verdachester, NE 47771-1412', 421, '2017-08-12 06:06:45');
INSERT INTO `other_estate` (`id`, `address`, `area`, `created_at`) VALUES (34, '250 Audie Lake Apt. 198\nSchmelerberg, NC 52066-4682', 345, '2006-07-03 07:54:03');
INSERT INTO `other_estate` (`id`, `address`, `area`, `created_at`) VALUES (35, '521 Streich Lakes\nVivienport, DC 11138-0972', 100, '2015-02-03 17:28:47');
INSERT INTO `other_estate` (`id`, `address`, `area`, `created_at`) VALUES (36, '7677 Schumm Mills\nNew Darwinmouth, NV 24885', 793, '2005-11-01 15:04:06');
INSERT INTO `other_estate` (`id`, `address`, `area`, `created_at`) VALUES (37, '18271 Monahan Stravenue Suite 208\nLake Malinda, MA 72405', 618, '2017-09-30 06:39:34');
INSERT INTO `other_estate` (`id`, `address`, `area`, `created_at`) VALUES (38, '48804 Altenwerth Rapid\nScarlettview, CT 73586', 281, '2009-06-29 05:10:16');
INSERT INTO `other_estate` (`id`, `address`, `area`, `created_at`) VALUES (39, '4912 Nicholaus Ridges Suite 370\nLake Garrick, NC 79701', 559, '2006-03-06 09:01:32');
INSERT INTO `other_estate` (`id`, `address`, `area`, `created_at`) VALUES (40, '639 Gottlieb Oval Suite 537\nOlsonport, WV 35655-6685', 814, '2018-07-13 05:22:24');
INSERT INTO `other_estate` (`id`, `address`, `area`, `created_at`) VALUES (41, '84164 Roberts Alley Suite 888\nNorth Marianna, NY 35223-9941', 851, '2012-09-27 21:02:22');
INSERT INTO `other_estate` (`id`, `address`, `area`, `created_at`) VALUES (42, '972 Gerson Drives\nSamaramouth, ID 65741-6989', 738, '2010-01-22 16:08:00');
INSERT INTO `other_estate` (`id`, `address`, `area`, `created_at`) VALUES (43, '65347 Garnet Well Suite 583\nGarfieldland, RI 35954-3667', 268, '2014-07-01 12:13:12');
INSERT INTO `other_estate` (`id`, `address`, `area`, `created_at`) VALUES (44, '69462 Destini Forges\nLeuschkeburgh, FL 10895', 795, '2014-03-25 18:09:39');
INSERT INTO `other_estate` (`id`, `address`, `area`, `created_at`) VALUES (45, '05200 Magdalena Forge\nNoemyland, WY 24962-4632', 159, '2017-11-14 00:52:55');
INSERT INTO `other_estate` (`id`, `address`, `area`, `created_at`) VALUES (46, '1515 Milton Pass Suite 113\nSouth Raheem, NH 65799', 581, '2008-02-10 21:08:28');
INSERT INTO `other_estate` (`id`, `address`, `area`, `created_at`) VALUES (47, '7794 Boyle Court\nEast Maryjanestad, NJ 76968-2522', 218, '2015-05-10 11:51:00');
INSERT INTO `other_estate` (`id`, `address`, `area`, `created_at`) VALUES (48, '31035 Sauer Spur Apt. 704\nDaltonmouth, VA 82564', 363, '2013-06-22 08:00:32');
INSERT INTO `other_estate` (`id`, `address`, `area`, `created_at`) VALUES (49, '97340 Gavin Lake Apt. 240\nTrentmouth, HI 97430-6157', 990, '2013-11-10 09:27:27');
INSERT INTO `other_estate` (`id`, `address`, `area`, `created_at`) VALUES (50, '04271 Stiedemann Junction\nLangoshfort, NV 13901', 285, '2017-01-03 11:33:16');
INSERT INTO `other_estate` (`id`, `address`, `area`, `created_at`) VALUES (51, '800 Pollich Lakes Apt. 903\nEast Elseton, GA 55299-4848', 974, '2016-04-11 22:23:43');
INSERT INTO `other_estate` (`id`, `address`, `area`, `created_at`) VALUES (52, '3939 Lelah Freeway Apt. 999\nKarenland, MT 35745-6870', 618, '2006-01-21 06:43:50');
INSERT INTO `other_estate` (`id`, `address`, `area`, `created_at`) VALUES (53, '96639 Guido Point\nNew Mateohaven, NH 60491-9493', 696, '2019-07-22 01:40:13');
INSERT INTO `other_estate` (`id`, `address`, `area`, `created_at`) VALUES (54, '451 Kavon Groves\nRhiannonborough, NH 80743', 622, '2010-09-29 03:17:16');
INSERT INTO `other_estate` (`id`, `address`, `area`, `created_at`) VALUES (55, '5292 Nolan Freeway Apt. 454\nBeerberg, NV 85428', 258, '2009-07-05 15:10:19');
INSERT INTO `other_estate` (`id`, `address`, `area`, `created_at`) VALUES (56, '2763 Jerde Islands\nSouth Gillian, HI 95032-4069', 984, '2011-08-01 00:18:24');
INSERT INTO `other_estate` (`id`, `address`, `area`, `created_at`) VALUES (57, '16091 Jones Springs\nMurazikland, NC 86422-1623', 193, '2018-09-12 15:05:47');
INSERT INTO `other_estate` (`id`, `address`, `area`, `created_at`) VALUES (58, '4758 Skiles Junction\nGerhardport, MD 96228', 62, '2015-10-15 17:14:12');
INSERT INTO `other_estate` (`id`, `address`, `area`, `created_at`) VALUES (59, '8214 Kub Throughway\nNorth Peter, CT 80211-6603', 720, '2010-05-28 22:49:40');
INSERT INTO `other_estate` (`id`, `address`, `area`, `created_at`) VALUES (60, '234 Gerhard Forest Apt. 010\nWest Scarlett, OK 27437-9408', 552, '2009-03-01 17:31:19');
INSERT INTO `other_estate` (`id`, `address`, `area`, `created_at`) VALUES (61, '785 Daniel Point Suite 267\nSouth Maximilian, PA 89772', 25, '2019-12-30 10:48:25');
INSERT INTO `other_estate` (`id`, `address`, `area`, `created_at`) VALUES (62, '31583 Sidney Isle Apt. 433\nKozeyland, IN 34250-6414', 393, '2017-05-19 13:31:17');
INSERT INTO `other_estate` (`id`, `address`, `area`, `created_at`) VALUES (63, '6400 Grimes Flats\nAmeliestad, FL 61551-6892', 364, '2006-03-27 05:46:03');
INSERT INTO `other_estate` (`id`, `address`, `area`, `created_at`) VALUES (64, '97702 Bernier Extensions\nWest Kallie, RI 88478', 458, '2018-11-02 01:05:21');
INSERT INTO `other_estate` (`id`, `address`, `area`, `created_at`) VALUES (65, '503 Norma Avenue\nNorth Litzybury, HI 66802', 976, '2008-06-17 03:02:51');
INSERT INTO `other_estate` (`id`, `address`, `area`, `created_at`) VALUES (66, '8154 Corkery Drive Suite 956\nLake Asiaburgh, ID 84320', 615, '2016-02-24 13:46:43');
INSERT INTO `other_estate` (`id`, `address`, `area`, `created_at`) VALUES (67, '67270 Francesca Route\nKohlerstad, SC 27019', 983, '2010-01-23 14:01:48');
INSERT INTO `other_estate` (`id`, `address`, `area`, `created_at`) VALUES (68, '380 Morton Manor Apt. 049\nRauview, OK 11715-5270', 560, '2016-07-20 13:11:43');
INSERT INTO `other_estate` (`id`, `address`, `area`, `created_at`) VALUES (69, '65721 Fadel Rapids Suite 923\nEast Nils, LA 18253-4887', 698, '2006-04-20 13:21:38');
INSERT INTO `other_estate` (`id`, `address`, `area`, `created_at`) VALUES (70, '3746 Erling Groves\nRolfsonbury, RI 48380-2431', 309, '2014-12-28 07:57:56');
INSERT INTO `other_estate` (`id`, `address`, `area`, `created_at`) VALUES (71, '445 Mosciski Meadow Suite 020\nStuartchester, OK 08845-0286', 289, '2014-09-09 05:10:34');
INSERT INTO `other_estate` (`id`, `address`, `area`, `created_at`) VALUES (72, '07322 Jameson Road Suite 383\nPagacberg, NC 78364-9083', 622, '2009-12-13 22:51:25');
INSERT INTO `other_estate` (`id`, `address`, `area`, `created_at`) VALUES (73, '2174 Estefania Light\nEast Maybellstad, TN 12011', 589, '2008-02-19 20:30:53');
INSERT INTO `other_estate` (`id`, `address`, `area`, `created_at`) VALUES (74, '04707 Labadie Pike\nMcGlynnton, VA 73787-9325', 73, '2016-04-26 03:05:21');
INSERT INTO `other_estate` (`id`, `address`, `area`, `created_at`) VALUES (75, '78665 Raquel Forge Apt. 813\nWest Jovan, MI 22911', 430, '2015-03-07 01:08:57');
INSERT INTO `other_estate` (`id`, `address`, `area`, `created_at`) VALUES (76, '069 Goodwin Streets Apt. 965\nGennaroport, AL 64812-9616', 100, '2015-04-16 04:57:15');
INSERT INTO `other_estate` (`id`, `address`, `area`, `created_at`) VALUES (77, '21907 Megane Views Suite 983\nSouth Otilia, FL 57021-8682', 52, '2008-04-07 01:56:23');
INSERT INTO `other_estate` (`id`, `address`, `area`, `created_at`) VALUES (78, '814 Brown Point Suite 242\nLake Robinfurt, FL 80489-3890', 857, '2007-05-08 18:18:36');
INSERT INTO `other_estate` (`id`, `address`, `area`, `created_at`) VALUES (79, '0604 Tomas Stream\nSchillerchester, MI 81461-5815', 346, '2010-08-24 07:48:47');
INSERT INTO `other_estate` (`id`, `address`, `area`, `created_at`) VALUES (80, '08867 Willow Street\nLake Mason, SC 56953-4160', 990, '2015-04-25 08:20:35');
INSERT INTO `other_estate` (`id`, `address`, `area`, `created_at`) VALUES (81, '77154 Lubowitz Trafficway\nJustenhaven, NM 88659-6864', 848, '2007-12-11 06:26:43');
INSERT INTO `other_estate` (`id`, `address`, `area`, `created_at`) VALUES (82, '20684 Harber Mill\nNorth Holliestad, KS 29290-1666', 777, '2013-10-09 20:26:38');
INSERT INTO `other_estate` (`id`, `address`, `area`, `created_at`) VALUES (83, '3789 Konopelski Parkways Suite 760\nEast Cecilmouth, WV 66432', 964, '2009-02-16 04:04:34');
INSERT INTO `other_estate` (`id`, `address`, `area`, `created_at`) VALUES (84, '7137 Sigurd Viaduct Suite 185\nEast Nigel, OR 55390', 358, '2006-06-20 01:25:32');
INSERT INTO `other_estate` (`id`, `address`, `area`, `created_at`) VALUES (85, '689 Baby Parkway\nNew Percivalshire, WY 22058-0610', 846, '2013-06-13 17:46:51');
INSERT INTO `other_estate` (`id`, `address`, `area`, `created_at`) VALUES (86, '608 Brown Motorway Suite 278\nEast Hopestad, OH 22127-7662', 201, '2009-02-19 21:08:37');
INSERT INTO `other_estate` (`id`, `address`, `area`, `created_at`) VALUES (87, '3438 Lakin Shore\nGislasonport, HI 98470-0567', 794, '2012-03-18 19:40:10');
INSERT INTO `other_estate` (`id`, `address`, `area`, `created_at`) VALUES (88, '742 Veum Ville\nPort Meghanchester, CT 69780', 279, '2011-08-26 19:56:54');
INSERT INTO `other_estate` (`id`, `address`, `area`, `created_at`) VALUES (89, '582 Boyer Island Apt. 775\nHettingerberg, OR 10122', 300, '2014-06-02 04:40:42');
INSERT INTO `other_estate` (`id`, `address`, `area`, `created_at`) VALUES (90, '22319 Christy Gateway Apt. 035\nGloverbury, MT 88888-8016', 606, '2010-09-11 02:13:42');
INSERT INTO `other_estate` (`id`, `address`, `area`, `created_at`) VALUES (91, '455 Kautzer Points Suite 403\nHilmabury, HI 78329', 212, '2006-01-03 22:11:32');
INSERT INTO `other_estate` (`id`, `address`, `area`, `created_at`) VALUES (92, '724 Kuhn Tunnel Apt. 752\nSchinnershire, ME 58369', 343, '2017-08-31 11:30:19');
INSERT INTO `other_estate` (`id`, `address`, `area`, `created_at`) VALUES (93, '78035 Hilario Viaduct\nSouth Fabianborough, ND 41561', 58, '2015-01-21 11:51:34');
INSERT INTO `other_estate` (`id`, `address`, `area`, `created_at`) VALUES (94, '841 Kamille Light\nBrownstad, ID 39965', 783, '2012-06-16 03:18:01');
INSERT INTO `other_estate` (`id`, `address`, `area`, `created_at`) VALUES (95, '6160 Hartmann Radial Apt. 983\nNorth Alannastad, DE 45613', 325, '2013-10-06 22:34:35');
INSERT INTO `other_estate` (`id`, `address`, `area`, `created_at`) VALUES (96, '16378 Kunze Ramp Suite 851\nWest Joaquin, AL 05377-5364', 679, '2005-09-14 14:59:02');
INSERT INTO `other_estate` (`id`, `address`, `area`, `created_at`) VALUES (97, '4985 Wyman Divide\nBellebury, IA 17859-1296', 577, '2010-11-06 15:59:28');
INSERT INTO `other_estate` (`id`, `address`, `area`, `created_at`) VALUES (98, '252 Iva Plains\nLaviniachester, AL 36895', 53, '2007-06-07 13:31:33');
INSERT INTO `other_estate` (`id`, `address`, `area`, `created_at`) VALUES (99, '417 Kayleigh Tunnel\nDarrickburgh, NC 48032', 868, '2012-11-16 16:48:03');
INSERT INTO `other_estate` (`id`, `address`, `area`, `created_at`) VALUES (100, '6091 Trantow Ford Apt. 607\nMullerville, NY 12033', 564, '2016-08-02 22:59:58');


#
# TABLE STRUCTURE FOR: profiles
#

DROP TABLE IF EXISTS `profiles`;

CREATE TABLE `profiles` (
  `user_id` int(10) unsigned NOT NULL COMMENT 'Ссылка на пользователя',
  `gender` char(1) COLLATE utf8_unicode_ci NOT NULL COMMENT 'Пол',
  `birthday` date DEFAULT NULL COMMENT 'Дата рождения',
  `city` varchar(130) COLLATE utf8_unicode_ci DEFAULT NULL COMMENT 'Город проживания',
  `country` varchar(130) COLLATE utf8_unicode_ci DEFAULT NULL COMMENT 'Страна проживания',
  `address` text COLLATE utf8_unicode_ci NOT NULL COMMENT 'Адрес',
  `created_at` datetime DEFAULT current_timestamp() COMMENT 'Время создания строки',
  `updated_at` datetime DEFAULT current_timestamp() ON UPDATE current_timestamp() COMMENT 'Время обновления строки',
  PRIMARY KEY (`user_id`)
) ENGINE=InnoDB DEFAULT CHARSET=utf8 COLLATE=utf8_unicode_ci COMMENT='Профили';

INSERT INTO `profiles` (`user_id`, `gender`, `birthday`, `city`, `country`, `address`, `created_at`, `updated_at`) VALUES (1, 'm', '1973-11-19', 'Krajcikside', 'Jamaica', '090 Wiza Forest Apt. 944\nMaxieberg, OH 92977-6924', '1991-10-19 07:22:26', '2018-10-13 13:16:53');
INSERT INTO `profiles` (`user_id`, `gender`, `birthday`, `city`, `country`, `address`, `created_at`, `updated_at`) VALUES (2, 'm', '1930-10-21', 'Marvinfurt', 'Romania', '092 Blick Tunnel\nBrigitteport, NH 56259', '1995-07-25 03:26:55', '2020-02-28 06:44:45');
INSERT INTO `profiles` (`user_id`, `gender`, `birthday`, `city`, `country`, `address`, `created_at`, `updated_at`) VALUES (3, 'm', '1961-02-27', 'Jeromemouth', 'Bermuda', '8634 Berge Parks\nNew Herminiastad, NJ 15631-0723', '1994-04-05 17:22:25', '2018-11-25 01:09:42');
INSERT INTO `profiles` (`user_id`, `gender`, `birthday`, `city`, `country`, `address`, `created_at`, `updated_at`) VALUES (4, 'f', '1973-04-10', 'Port Zoie', 'Cape Verde', '502 Anita Junction\nWest Rebekah, GA 04110-0057', '2013-10-21 18:26:58', '2019-03-20 18:34:46');
INSERT INTO `profiles` (`user_id`, `gender`, `birthday`, `city`, `country`, `address`, `created_at`, `updated_at`) VALUES (5, 'f', '1935-09-14', 'New Mireille', 'Malaysia', '80559 Mervin Island\nMertzland, TX 25660-2632', '1999-07-01 20:21:31', '2020-03-26 09:07:12');
INSERT INTO `profiles` (`user_id`, `gender`, `birthday`, `city`, `country`, `address`, `created_at`, `updated_at`) VALUES (6, 'f', '1934-07-14', 'South Hattieberg', 'Jamaica', '51512 Wuckert Plaza\nPort Vivien, NY 96381-9263', '2012-05-04 22:30:41', '2018-11-14 08:19:07');
INSERT INTO `profiles` (`user_id`, `gender`, `birthday`, `city`, `country`, `address`, `created_at`, `updated_at`) VALUES (7, 'm', '1960-06-02', 'North Josianneborough', 'Falkland Islands (Malvinas)', '6630 Schneider Tunnel Apt. 452\nEast Albertha, CA 83857-4872', '2017-03-27 07:18:58', '2019-07-30 14:04:01');
INSERT INTO `profiles` (`user_id`, `gender`, `birthday`, `city`, `country`, `address`, `created_at`, `updated_at`) VALUES (8, 'm', '1972-09-26', 'Stephonmouth', 'Madagascar', '506 Nick Expressway\nNorth Freddiestad, SC 65053-2176', '2001-03-06 02:16:00', '2020-07-16 23:37:49');
INSERT INTO `profiles` (`user_id`, `gender`, `birthday`, `city`, `country`, `address`, `created_at`, `updated_at`) VALUES (9, 'm', '1947-08-09', 'New Reillyview', 'Maldives', '995 Rebeka Circles\nDeshaunstad, MI 33172', '2017-05-15 03:00:41', '2019-09-17 10:35:43');
INSERT INTO `profiles` (`user_id`, `gender`, `birthday`, `city`, `country`, `address`, `created_at`, `updated_at`) VALUES (10, 'm', '1947-11-29', 'Imogeneberg', 'Kiribati', '9796 Isobel Ferry\nNew Jayfurt, VT 42312', '2014-12-02 19:09:22', '2020-07-27 22:44:22');
INSERT INTO `profiles` (`user_id`, `gender`, `birthday`, `city`, `country`, `address`, `created_at`, `updated_at`) VALUES (11, 'f', '1944-06-09', 'Andyhaven', 'Germany', '770 Torp Extension Apt. 595\nToyville, WI 31911-5893', '2012-11-09 16:50:55', '2020-04-12 15:55:46');
INSERT INTO `profiles` (`user_id`, `gender`, `birthday`, `city`, `country`, `address`, `created_at`, `updated_at`) VALUES (12, 'm', '1956-11-02', 'South Elza', 'Nauru', '8371 Pacocha Harbor\nLake Aniya, FL 54997-3905', '1998-12-23 08:52:01', '2019-11-22 18:04:56');
INSERT INTO `profiles` (`user_id`, `gender`, `birthday`, `city`, `country`, `address`, `created_at`, `updated_at`) VALUES (13, 'f', '2002-03-25', 'D\'Amoremouth', 'Tokelau', '14905 Hillary Lock Suite 168\nShaneltown, AR 15944-5462', '2010-01-20 12:21:17', '2020-03-13 05:08:52');
INSERT INTO `profiles` (`user_id`, `gender`, `birthday`, `city`, `country`, `address`, `created_at`, `updated_at`) VALUES (14, 'f', '1943-12-22', 'West Alviston', 'Rwanda', '535 Eleanora Keys\nEast Adela, KS 74509-5874', '2015-06-27 18:26:05', '2019-07-18 13:49:28');
INSERT INTO `profiles` (`user_id`, `gender`, `birthday`, `city`, `country`, `address`, `created_at`, `updated_at`) VALUES (15, 'f', '1969-08-31', 'East Marshall', 'Saint Kitts and Nevis', '84265 Gibson Station\nPort Siennafort, TX 83406-7257', '2008-11-17 21:36:52', '2019-03-23 21:16:41');
INSERT INTO `profiles` (`user_id`, `gender`, `birthday`, `city`, `country`, `address`, `created_at`, `updated_at`) VALUES (16, 'f', '1939-09-26', 'Port Ally', 'Niue', '3531 Douglas Row Suite 019\nJoanyberg, LA 29750-9951', '2006-07-08 11:35:45', '2018-08-14 11:46:56');
INSERT INTO `profiles` (`user_id`, `gender`, `birthday`, `city`, `country`, `address`, `created_at`, `updated_at`) VALUES (17, 'm', '1938-07-15', 'Port Ben', 'Kazakhstan', '893 Orlo Port\nNorth Estellastad, MO 05957', '2016-07-28 03:12:11', '2020-02-20 03:32:45');
INSERT INTO `profiles` (`user_id`, `gender`, `birthday`, `city`, `country`, `address`, `created_at`, `updated_at`) VALUES (18, 'f', '1932-03-01', 'Port Caesar', 'Gibraltar', '875 Mike Brook Suite 333\nRamiroborough, CA 54766', '2011-01-02 12:41:57', '2018-09-11 08:28:04');
INSERT INTO `profiles` (`user_id`, `gender`, `birthday`, `city`, `country`, `address`, `created_at`, `updated_at`) VALUES (19, 'm', '1956-04-26', 'Ortiztown', 'Georgia', '5076 Marks Stravenue\nWiegandfort, MI 51153', '2011-04-25 10:25:50', '2019-04-07 22:25:59');
INSERT INTO `profiles` (`user_id`, `gender`, `birthday`, `city`, `country`, `address`, `created_at`, `updated_at`) VALUES (20, 'm', '1979-12-01', 'South Loymouth', 'Mali', '8979 Vivien Bridge Apt. 527\nSouth Everetteton, AL 28900-1654', '1993-01-28 03:54:09', '2018-09-27 12:54:45');
INSERT INTO `profiles` (`user_id`, `gender`, `birthday`, `city`, `country`, `address`, `created_at`, `updated_at`) VALUES (21, 'f', '1942-12-13', 'South Gust', 'Bangladesh', '41487 Heaney Village\nSouth Sidstad, DC 03876', '2003-07-11 09:49:35', '2019-12-17 10:57:03');
INSERT INTO `profiles` (`user_id`, `gender`, `birthday`, `city`, `country`, `address`, `created_at`, `updated_at`) VALUES (22, 'f', '1966-11-20', 'Port Liana', 'Chile', '6783 Huels Forest Suite 152\nRogahnmouth, WV 40930-7767', '2007-03-21 08:42:53', '2019-05-23 00:26:48');
INSERT INTO `profiles` (`user_id`, `gender`, `birthday`, `city`, `country`, `address`, `created_at`, `updated_at`) VALUES (23, 'm', '1957-11-11', 'Derickport', 'Papua New Guinea', '5392 Dane Roads Suite 533\nLake Ceciliamouth, AR 46782', '1992-05-04 05:51:50', '2020-03-27 07:42:24');
INSERT INTO `profiles` (`user_id`, `gender`, `birthday`, `city`, `country`, `address`, `created_at`, `updated_at`) VALUES (24, 'f', '1988-10-23', 'Port Alview', 'Cuba', '2694 Vance Mountains Suite 884\nNorth Willard, OR 82072', '2009-01-02 01:36:35', '2019-12-29 07:32:47');
INSERT INTO `profiles` (`user_id`, `gender`, `birthday`, `city`, `country`, `address`, `created_at`, `updated_at`) VALUES (25, 'f', '1973-04-16', 'Romaineview', 'Kiribati', '34523 Gleason Grove Suite 385\nPort Denisview, NJ 85845-4456', '1991-08-02 06:35:19', '2018-12-06 11:27:37');
INSERT INTO `profiles` (`user_id`, `gender`, `birthday`, `city`, `country`, `address`, `created_at`, `updated_at`) VALUES (26, 'f', '1997-08-19', 'West Jerrellport', 'Montserrat', '2073 Elinor Isle\nMullerchester, OR 71348', '2012-03-16 23:37:05', '2018-11-11 01:32:27');
INSERT INTO `profiles` (`user_id`, `gender`, `birthday`, `city`, `country`, `address`, `created_at`, `updated_at`) VALUES (27, 'f', '1959-08-27', 'Joannieport', 'Uzbekistan', '2770 Hackett Spurs\nWunschshire, MT 41823-5301', '2006-11-16 06:19:07', '2018-10-28 06:15:27');
INSERT INTO `profiles` (`user_id`, `gender`, `birthday`, `city`, `country`, `address`, `created_at`, `updated_at`) VALUES (28, 'f', '1947-03-06', 'North Giamouth', 'Afghanistan', '10667 Sawayn Centers\nNorth Randall, TN 71875-4504', '1993-06-28 15:38:50', '2020-01-02 12:38:09');
INSERT INTO `profiles` (`user_id`, `gender`, `birthday`, `city`, `country`, `address`, `created_at`, `updated_at`) VALUES (29, 'm', '1934-02-22', 'Libbyside', 'Gambia', '74325 Robbie Vista\nPort Thaliaton, KY 22155-3431', '2017-06-08 17:34:57', '2019-01-31 11:13:59');
INSERT INTO `profiles` (`user_id`, `gender`, `birthday`, `city`, `country`, `address`, `created_at`, `updated_at`) VALUES (30, 'f', '1982-03-11', 'Port Enolachester', 'United States of America', '338 Cassin Summit Apt. 481\nKennedyfort, TX 30465-3157', '2008-01-16 20:37:52', '2019-07-14 18:41:27');
INSERT INTO `profiles` (`user_id`, `gender`, `birthday`, `city`, `country`, `address`, `created_at`, `updated_at`) VALUES (31, 'm', '1973-07-17', 'Lake Jimmy', 'Heard Island and McDonald Islands', '56711 Douglas Extension Apt. 215\nHilariofort, OK 42501', '1992-01-15 06:57:25', '2018-08-12 08:11:54');
INSERT INTO `profiles` (`user_id`, `gender`, `birthday`, `city`, `country`, `address`, `created_at`, `updated_at`) VALUES (32, 'f', '1986-10-16', 'Cristobalborough', 'Guinea', '182 Ratke Isle\nNorth Francisco, AR 35902', '2009-03-23 15:30:36', '2019-08-23 17:55:29');
INSERT INTO `profiles` (`user_id`, `gender`, `birthday`, `city`, `country`, `address`, `created_at`, `updated_at`) VALUES (33, 'f', '1969-11-23', 'Denesikchester', 'Argentina', '7705 Megane Springs\nNolanport, ME 79783-7356', '1991-03-24 03:10:43', '2019-03-24 19:42:37');
INSERT INTO `profiles` (`user_id`, `gender`, `birthday`, `city`, `country`, `address`, `created_at`, `updated_at`) VALUES (34, 'f', '1932-12-16', 'Hansenside', 'Liechtenstein', '505 Xzavier Parks Apt. 266\nLake Jon, CO 38541', '1994-07-04 18:06:46', '2020-01-15 18:08:48');
INSERT INTO `profiles` (`user_id`, `gender`, `birthday`, `city`, `country`, `address`, `created_at`, `updated_at`) VALUES (35, 'm', '1952-03-31', 'Port Giovaniland', 'Norfolk Island', '5467 Melody Camp Suite 403\nFeestton, MN 07564-9625', '1999-08-28 01:49:22', '2020-05-19 22:33:29');
INSERT INTO `profiles` (`user_id`, `gender`, `birthday`, `city`, `country`, `address`, `created_at`, `updated_at`) VALUES (36, 'f', '1949-03-29', 'West Deondreberg', 'Monaco', '032 Glen Lights\nLake Lilly, VT 73986', '2010-03-18 04:17:22', '2018-09-04 19:50:22');
INSERT INTO `profiles` (`user_id`, `gender`, `birthday`, `city`, `country`, `address`, `created_at`, `updated_at`) VALUES (37, 'm', '1957-10-28', 'Brodyberg', 'Guernsey', '6648 Josefina Squares Suite 095\nWest Makenna, ME 22905-3731', '2015-01-27 12:41:42', '2018-10-14 15:27:41');
INSERT INTO `profiles` (`user_id`, `gender`, `birthday`, `city`, `country`, `address`, `created_at`, `updated_at`) VALUES (38, 'm', '1934-08-16', 'Hyatttown', 'Indonesia', '55281 Rosenbaum Lake\nEraville, AR 98477', '2008-12-17 18:18:26', '2020-05-11 04:47:56');
INSERT INTO `profiles` (`user_id`, `gender`, `birthday`, `city`, `country`, `address`, `created_at`, `updated_at`) VALUES (39, 'm', '1982-01-23', 'East Desiree', 'Anguilla', '16404 Gerry Greens\nSchmittside, OK 11336-2158', '1998-05-23 07:42:16', '2018-12-09 22:44:15');
INSERT INTO `profiles` (`user_id`, `gender`, `birthday`, `city`, `country`, `address`, `created_at`, `updated_at`) VALUES (40, 'm', '2001-10-04', 'Hagenesmouth', 'Cape Verde', '339 Geoffrey Run\nPort Rollinside, WY 26559-1210', '1991-01-13 01:38:15', '2020-01-14 17:14:10');
INSERT INTO `profiles` (`user_id`, `gender`, `birthday`, `city`, `country`, `address`, `created_at`, `updated_at`) VALUES (41, 'f', '1932-05-06', 'Bartonfort', 'Moldova', '443 Gladyce Loop Apt. 536\nEstrellamouth, TX 94577-6964', '2010-01-22 01:50:03', '2020-05-10 08:58:31');
INSERT INTO `profiles` (`user_id`, `gender`, `birthday`, `city`, `country`, `address`, `created_at`, `updated_at`) VALUES (42, 'm', '1990-05-09', 'New Sincere', 'Denmark', '131 Cremin Tunnel Apt. 848\nRoselynberg, OR 77863', '1996-01-17 17:44:00', '2019-12-06 08:28:25');
INSERT INTO `profiles` (`user_id`, `gender`, `birthday`, `city`, `country`, `address`, `created_at`, `updated_at`) VALUES (43, 'm', '1988-12-02', 'Port Kiarra', 'French Polynesia', '63484 Ullrich Prairie\nLake Alyshastad, CA 75185-5697', '2006-02-26 03:28:42', '2019-03-13 08:42:37');
INSERT INTO `profiles` (`user_id`, `gender`, `birthday`, `city`, `country`, `address`, `created_at`, `updated_at`) VALUES (44, 'm', '1987-01-20', 'Lake Brielletown', 'Philippines', '9710 Clair Station Suite 937\nNorth Petra, TN 02783', '2015-05-24 20:16:01', '2018-12-27 12:30:23');
INSERT INTO `profiles` (`user_id`, `gender`, `birthday`, `city`, `country`, `address`, `created_at`, `updated_at`) VALUES (45, 'm', '1985-02-11', 'Shaniyastad', 'Colombia', '75057 Magnolia Ways\nThereseview, VA 29012', '2008-02-22 20:56:21', '2019-04-08 14:00:02');
INSERT INTO `profiles` (`user_id`, `gender`, `birthday`, `city`, `country`, `address`, `created_at`, `updated_at`) VALUES (46, 'f', '1976-07-06', 'Lake Aron', 'Montenegro', '5953 Hauck Via Suite 781\nNew Jennifer, WI 10281', '1994-02-01 07:22:14', '2019-08-12 12:39:14');
INSERT INTO `profiles` (`user_id`, `gender`, `birthday`, `city`, `country`, `address`, `created_at`, `updated_at`) VALUES (47, 'f', '1952-11-04', 'Carolanneport', 'Falkland Islands (Malvinas)', '81833 Kyleigh Courts Apt. 117\nNorth Evertfort, WY 57573-8110', '2016-04-07 09:51:58', '2018-12-24 21:55:21');
INSERT INTO `profiles` (`user_id`, `gender`, `birthday`, `city`, `country`, `address`, `created_at`, `updated_at`) VALUES (48, 'm', '1994-01-20', 'West Monicaborough', 'Niger', '38354 Merle Keys Apt. 342\nFreidaport, SD 22288-2439', '2012-02-20 00:32:22', '2018-09-24 21:18:04');
INSERT INTO `profiles` (`user_id`, `gender`, `birthday`, `city`, `country`, `address`, `created_at`, `updated_at`) VALUES (49, 'f', '1961-10-03', 'Russelport', 'Eritrea', '899 Frankie Rapids\nJuniorland, HI 93331-4291', '1993-01-02 23:36:33', '2020-03-10 21:41:02');
INSERT INTO `profiles` (`user_id`, `gender`, `birthday`, `city`, `country`, `address`, `created_at`, `updated_at`) VALUES (50, 'm', '1957-03-10', 'Mertzland', 'Colombia', '0822 Erdman Pike\nWest Jaclynburgh, OR 21710-2528', '1994-11-06 19:12:46', '2020-04-19 13:35:43');
INSERT INTO `profiles` (`user_id`, `gender`, `birthday`, `city`, `country`, `address`, `created_at`, `updated_at`) VALUES (51, 'm', '1956-02-25', 'Sawaynport', 'American Samoa', '2689 Mariano Corners Apt. 296\nPort Jamisonview, MN 10833', '2000-12-26 04:19:48', '2018-08-27 19:04:42');
INSERT INTO `profiles` (`user_id`, `gender`, `birthday`, `city`, `country`, `address`, `created_at`, `updated_at`) VALUES (52, 'm', '1994-07-26', 'Creminton', 'Taiwan', '601 Rogahn Underpass\nSouth Ross, TX 29189', '1994-10-20 12:41:05', '2018-09-27 04:09:51');
INSERT INTO `profiles` (`user_id`, `gender`, `birthday`, `city`, `country`, `address`, `created_at`, `updated_at`) VALUES (53, 'm', '1976-07-19', 'East Ana', 'Iran', '58944 Kuhic Fort Suite 651\nKarlieville, MT 43868-5827', '2013-12-13 05:07:18', '2019-05-25 04:44:11');
INSERT INTO `profiles` (`user_id`, `gender`, `birthday`, `city`, `country`, `address`, `created_at`, `updated_at`) VALUES (54, 'm', '1943-05-03', 'South Jadefort', 'Norway', '438 Hester Passage Suite 655\nSouth Josefaview, VA 18818', '1992-08-22 20:26:11', '2019-03-24 09:18:57');
INSERT INTO `profiles` (`user_id`, `gender`, `birthday`, `city`, `country`, `address`, `created_at`, `updated_at`) VALUES (55, 'm', '1949-07-22', 'Pfannerstillfort', 'Oman', '299 Royce Springs\nBonnieburgh, CT 25488-3806', '2016-11-09 02:26:25', '2019-04-02 22:32:25');
INSERT INTO `profiles` (`user_id`, `gender`, `birthday`, `city`, `country`, `address`, `created_at`, `updated_at`) VALUES (56, 'f', '1937-10-02', 'West Trey', 'Morocco', '083 Vida Light Suite 066\nSadyeburgh, NE 85134', '2011-02-11 12:46:14', '2019-12-30 23:06:54');
INSERT INTO `profiles` (`user_id`, `gender`, `birthday`, `city`, `country`, `address`, `created_at`, `updated_at`) VALUES (57, 'f', '1993-12-15', 'Cathrynfurt', 'Yemen', '29477 Zechariah Lane Apt. 540\nDuBuqueborough, AR 93530', '1997-06-06 02:07:46', '2019-05-11 14:02:01');
INSERT INTO `profiles` (`user_id`, `gender`, `birthday`, `city`, `country`, `address`, `created_at`, `updated_at`) VALUES (58, 'f', '1948-07-07', 'Kemmershire', 'Bulgaria', '1982 Lind Ridges Suite 589\nNoeborough, NV 78028-3781', '1994-08-31 22:44:26', '2020-05-14 01:18:15');
INSERT INTO `profiles` (`user_id`, `gender`, `birthday`, `city`, `country`, `address`, `created_at`, `updated_at`) VALUES (59, 'm', '1939-05-22', 'Grimesberg', 'Argentina', '4571 Hodkiewicz Highway Apt. 893\nSouth Reymundo, WA 17358-8821', '2001-01-05 20:08:57', '2019-08-02 09:22:09');
INSERT INTO `profiles` (`user_id`, `gender`, `birthday`, `city`, `country`, `address`, `created_at`, `updated_at`) VALUES (60, 'f', '1995-07-03', 'Daishaville', 'San Marino', '3338 Lauretta Ranch Apt. 802\nEast Eddieland, MN 80723-1862', '1997-07-15 01:21:44', '2019-06-28 01:27:35');
INSERT INTO `profiles` (`user_id`, `gender`, `birthday`, `city`, `country`, `address`, `created_at`, `updated_at`) VALUES (61, 'f', '1952-08-25', 'West Raoul', 'Lebanon', '033 Rosalinda Walk Suite 613\nWest Karolannchester, AR 69439-6752', '1999-09-12 19:49:18', '2019-02-07 04:07:30');
INSERT INTO `profiles` (`user_id`, `gender`, `birthday`, `city`, `country`, `address`, `created_at`, `updated_at`) VALUES (62, 'f', '1969-10-12', 'Shemarview', 'Botswana', '5179 Kristy Parkways Suite 910\nPort Alicialand, LA 11964', '1994-04-23 00:52:13', '2019-10-01 00:41:42');
INSERT INTO `profiles` (`user_id`, `gender`, `birthday`, `city`, `country`, `address`, `created_at`, `updated_at`) VALUES (63, 'm', '1978-05-13', 'Abagailburgh', 'Brunei Darussalam', '71543 Schamberger Summit Apt. 652\nSouth Rhettview, HI 44534-4382', '1990-09-10 05:37:03', '2019-02-15 18:47:18');
INSERT INTO `profiles` (`user_id`, `gender`, `birthday`, `city`, `country`, `address`, `created_at`, `updated_at`) VALUES (64, 'm', '1985-10-03', 'Murielland', 'Liechtenstein', '89755 Kertzmann Locks Apt. 206\nTerryfort, AZ 52866', '2014-11-11 14:55:24', '2020-03-31 18:35:23');
INSERT INTO `profiles` (`user_id`, `gender`, `birthday`, `city`, `country`, `address`, `created_at`, `updated_at`) VALUES (65, 'f', '1969-01-31', 'Port Angela', 'Turkey', '3026 Virgil Port Apt. 499\nJudeborough, NM 43188', '2009-02-10 10:37:42', '2020-07-25 11:56:40');
INSERT INTO `profiles` (`user_id`, `gender`, `birthday`, `city`, `country`, `address`, `created_at`, `updated_at`) VALUES (66, 'f', '1963-07-26', 'Port Christiana', 'Jamaica', '789 Camila Place Apt. 594\nFlorineborough, NJ 24570', '1994-04-25 23:40:22', '2019-05-05 22:01:27');
INSERT INTO `profiles` (`user_id`, `gender`, `birthday`, `city`, `country`, `address`, `created_at`, `updated_at`) VALUES (67, 'f', '1956-01-13', 'Faheyberg', 'Guatemala', '0189 Breitenberg Landing\nBrekkefurt, MN 22422', '2014-09-06 13:11:02', '2019-07-22 11:58:36');
INSERT INTO `profiles` (`user_id`, `gender`, `birthday`, `city`, `country`, `address`, `created_at`, `updated_at`) VALUES (68, 'm', '1941-09-20', 'West Bufordborough', 'Madagascar', '10823 Roob Ford\nPort Daytonfort, MA 92942', '2007-04-11 07:47:28', '2020-04-19 13:08:24');
INSERT INTO `profiles` (`user_id`, `gender`, `birthday`, `city`, `country`, `address`, `created_at`, `updated_at`) VALUES (69, 'm', '1956-11-22', 'Lisettestad', 'Equatorial Guinea', '53362 Moore Forest\nWest Wellington, GA 27473-8834', '2003-03-05 04:31:31', '2018-10-16 02:19:32');
INSERT INTO `profiles` (`user_id`, `gender`, `birthday`, `city`, `country`, `address`, `created_at`, `updated_at`) VALUES (70, 'f', '1990-06-10', 'East Nyasialand', 'Philippines', '019 Ledner Green Suite 670\nWest Nico, MT 33170-5577', '1990-08-10 09:09:33', '2020-07-29 10:33:49');
INSERT INTO `profiles` (`user_id`, `gender`, `birthday`, `city`, `country`, `address`, `created_at`, `updated_at`) VALUES (71, 'f', '1968-01-06', 'Lake Carloshaven', 'Greece', '97732 Lemke Mountain\nPort Lavon, VT 35292-0822', '1997-10-16 20:39:17', '2019-02-02 06:05:42');
INSERT INTO `profiles` (`user_id`, `gender`, `birthday`, `city`, `country`, `address`, `created_at`, `updated_at`) VALUES (72, 'm', '1980-06-11', 'Kunzechester', 'Kiribati', '82457 Suzanne Manor\nEast Malvina, SC 35720-4059', '1996-11-04 14:27:50', '2019-12-10 10:54:44');
INSERT INTO `profiles` (`user_id`, `gender`, `birthday`, `city`, `country`, `address`, `created_at`, `updated_at`) VALUES (73, 'f', '1931-07-29', 'Langworthshire', 'Niger', '44568 Bo Fork\nLake Elyseside, FL 75491', '2004-09-18 10:55:20', '2019-03-09 00:49:08');
INSERT INTO `profiles` (`user_id`, `gender`, `birthday`, `city`, `country`, `address`, `created_at`, `updated_at`) VALUES (74, 'm', '1971-01-12', 'Medhurstland', 'United States Virgin Islands', '248 Rempel Road Suite 599\nSavionberg, MO 16371', '1993-03-17 11:41:39', '2020-01-24 02:35:05');
INSERT INTO `profiles` (`user_id`, `gender`, `birthday`, `city`, `country`, `address`, `created_at`, `updated_at`) VALUES (75, 'f', '1995-09-09', 'Casandrahaven', 'Korea', '493 Zulauf Loaf\nLake Noemie, OK 69079-2770', '2003-12-02 19:48:03', '2020-05-05 03:17:52');
INSERT INTO `profiles` (`user_id`, `gender`, `birthday`, `city`, `country`, `address`, `created_at`, `updated_at`) VALUES (76, 'm', '1995-04-10', 'Carmellabury', 'Slovakia (Slovak Republic)', '76685 Schulist Bypass\nGulgowskifort, MS 70446', '2003-06-07 17:29:42', '2020-07-02 05:30:44');
INSERT INTO `profiles` (`user_id`, `gender`, `birthday`, `city`, `country`, `address`, `created_at`, `updated_at`) VALUES (77, 'f', '1962-02-01', 'New Hollyfort', 'Somalia', '35627 Joshuah Shore\nNew Josefa, OR 02218-3256', '1996-01-01 22:11:24', '2018-10-12 15:23:23');
INSERT INTO `profiles` (`user_id`, `gender`, `birthday`, `city`, `country`, `address`, `created_at`, `updated_at`) VALUES (78, 'm', '1939-08-17', 'Okunevachester', 'Montserrat', '0022 Kihn Mountain\nFlatleyhaven, VA 09609-8424', '2012-03-30 12:43:05', '2018-12-26 08:22:57');
INSERT INTO `profiles` (`user_id`, `gender`, `birthday`, `city`, `country`, `address`, `created_at`, `updated_at`) VALUES (79, 'f', '1970-11-01', 'South Magnoliashire', 'Antarctica (the territory South of 60 deg S)', '112 McGlynn Rapids Apt. 245\nHuelshaven, WI 50891', '2009-10-01 08:15:36', '2019-03-08 07:30:33');
INSERT INTO `profiles` (`user_id`, `gender`, `birthday`, `city`, `country`, `address`, `created_at`, `updated_at`) VALUES (80, 'm', '1944-10-17', 'East Haliemouth', 'Bulgaria', '774 Abel Bypass\nUptonville, NC 68223', '2004-03-22 22:52:31', '2019-09-13 03:48:29');
INSERT INTO `profiles` (`user_id`, `gender`, `birthday`, `city`, `country`, `address`, `created_at`, `updated_at`) VALUES (81, 'f', '1935-11-23', 'Klingmouth', 'Hong Kong', '542 Jonas Brooks\nSouth Carlottaview, MT 66032', '1999-07-14 17:37:29', '2019-01-13 10:03:13');
INSERT INTO `profiles` (`user_id`, `gender`, `birthday`, `city`, `country`, `address`, `created_at`, `updated_at`) VALUES (82, 'm', '1959-04-08', 'East Sheilafort', 'Samoa', '330 Cassin Plaza\nNew Hubertmouth, NC 74410-9354', '1995-01-11 20:11:39', '2019-06-11 05:15:49');
INSERT INTO `profiles` (`user_id`, `gender`, `birthday`, `city`, `country`, `address`, `created_at`, `updated_at`) VALUES (83, 'f', '1954-11-27', 'West Novahaven', 'Saint Lucia', '6629 Ziemann Mountain Apt. 915\nSchmelerbury, ME 35626', '2013-03-23 21:37:24', '2019-06-12 11:25:40');
INSERT INTO `profiles` (`user_id`, `gender`, `birthday`, `city`, `country`, `address`, `created_at`, `updated_at`) VALUES (84, 'f', '1932-03-27', 'North Jeanette', 'Panama', '7323 Gibson Well Apt. 574\nBlancheview, OK 99916', '2011-07-31 15:02:42', '2019-02-26 21:59:14');
INSERT INTO `profiles` (`user_id`, `gender`, `birthday`, `city`, `country`, `address`, `created_at`, `updated_at`) VALUES (85, 'f', '1958-04-06', 'Geohaven', 'Bulgaria', '951 Isai Inlet\nHilbertville, KS 59443', '1999-07-29 01:28:22', '2019-01-08 09:54:59');
INSERT INTO `profiles` (`user_id`, `gender`, `birthday`, `city`, `country`, `address`, `created_at`, `updated_at`) VALUES (86, 'm', '1953-12-02', 'New Eden', 'Peru', '851 Swaniawski Creek Apt. 606\nFarrellburgh, IA 16253', '1990-10-27 12:51:29', '2018-09-10 18:12:39');
INSERT INTO `profiles` (`user_id`, `gender`, `birthday`, `city`, `country`, `address`, `created_at`, `updated_at`) VALUES (87, 'f', '1981-08-15', 'South Loraineside', 'Macao', '24922 Sebastian Ridges Apt. 027\nNorth Carlottahaven, RI 69706', '1999-04-04 01:25:29', '2019-05-22 19:21:13');
INSERT INTO `profiles` (`user_id`, `gender`, `birthday`, `city`, `country`, `address`, `created_at`, `updated_at`) VALUES (88, 'm', '1998-05-01', 'West Alisonborough', 'Sweden', '17368 Hobart Harbors\nLake Nash, MI 92787-6873', '2005-08-02 23:01:45', '2020-04-10 09:31:22');
INSERT INTO `profiles` (`user_id`, `gender`, `birthday`, `city`, `country`, `address`, `created_at`, `updated_at`) VALUES (89, 'm', '1960-01-18', 'Julesfurt', 'Uruguay', '960 Ursula Wells Suite 306\nLoweton, VA 46399', '1992-04-24 06:10:51', '2018-11-07 12:19:54');
INSERT INTO `profiles` (`user_id`, `gender`, `birthday`, `city`, `country`, `address`, `created_at`, `updated_at`) VALUES (90, 'f', '1948-12-19', 'North Valentina', 'Korea', '662 Hand Prairie Suite 187\nJenkinsport, NC 30422', '2002-05-30 04:20:04', '2020-05-13 04:01:16');
INSERT INTO `profiles` (`user_id`, `gender`, `birthday`, `city`, `country`, `address`, `created_at`, `updated_at`) VALUES (91, 'f', '1982-05-12', 'South Gusland', 'Cameroon', '94339 Feil Path Apt. 441\nMarilouville, NJ 17443', '2004-08-20 00:44:01', '2019-04-14 19:17:16');
INSERT INTO `profiles` (`user_id`, `gender`, `birthday`, `city`, `country`, `address`, `created_at`, `updated_at`) VALUES (92, 'f', '1997-11-08', 'Gottliebburgh', 'Saint Kitts and Nevis', '3370 Barton Rapid\nEast Marcelofort, AL 73269', '2002-05-13 01:38:14', '2020-03-08 04:32:51');
INSERT INTO `profiles` (`user_id`, `gender`, `birthday`, `city`, `country`, `address`, `created_at`, `updated_at`) VALUES (93, 'm', '1995-06-06', 'Lake Faustoburgh', 'Saint Helena', '34978 Crawford Trail Suite 811\nBednarville, GA 46697-8444', '2017-04-17 12:21:04', '2019-02-27 12:04:50');
INSERT INTO `profiles` (`user_id`, `gender`, `birthday`, `city`, `country`, `address`, `created_at`, `updated_at`) VALUES (94, 'f', '1951-02-25', 'South Kelly', 'Djibouti', '06456 Natasha Viaduct\nDeckowbury, IN 85614', '1998-09-30 05:01:39', '2018-11-11 08:36:09');
INSERT INTO `profiles` (`user_id`, `gender`, `birthday`, `city`, `country`, `address`, `created_at`, `updated_at`) VALUES (95, 'f', '1966-09-30', 'East Emelieburgh', 'British Virgin Islands', '81344 Jimmy Divide\nNorth Kevon, TX 53803-7237', '1994-06-27 02:44:07', '2018-12-12 06:59:18');
INSERT INTO `profiles` (`user_id`, `gender`, `birthday`, `city`, `country`, `address`, `created_at`, `updated_at`) VALUES (96, 'f', '1997-11-23', 'Terryside', 'Korea', '265 Sawayn Wall Apt. 763\nWest Marlin, AK 19024', '2002-09-16 03:13:01', '2019-08-30 13:55:32');
INSERT INTO `profiles` (`user_id`, `gender`, `birthday`, `city`, `country`, `address`, `created_at`, `updated_at`) VALUES (97, 'f', '1965-07-14', 'Jewelland', 'Timor-Leste', '436 Haylie Parkway\nSouth Catharine, CO 63115-5378', '2000-11-16 19:23:57', '2020-06-09 14:52:09');
INSERT INTO `profiles` (`user_id`, `gender`, `birthday`, `city`, `country`, `address`, `created_at`, `updated_at`) VALUES (98, 'f', '1949-07-04', 'West Dorianville', 'Australia', '8530 Javon Burgs\nEast Luciochester, CO 92758-1856', '2009-08-15 22:40:38', '2019-09-11 04:54:02');
INSERT INTO `profiles` (`user_id`, `gender`, `birthday`, `city`, `country`, `address`, `created_at`, `updated_at`) VALUES (99, 'f', '1934-07-21', 'Alexanefurt', 'Bulgaria', '1158 Janelle Streets\nSouth Jany, WY 97712-7258', '1998-11-09 15:06:26', '2020-02-20 07:12:16');
INSERT INTO `profiles` (`user_id`, `gender`, `birthday`, `city`, `country`, `address`, `created_at`, `updated_at`) VALUES (100, 'm', '1986-08-14', 'West Anna', 'New Caledonia', '551 Parker Village\nMohamedside, MA 52989', '2006-02-22 13:33:41', '2018-08-31 23:43:47');
INSERT INTO `profiles` (`user_id`, `gender`, `birthday`, `city`, `country`, `address`, `created_at`, `updated_at`) VALUES (101, 'f', '1987-04-22', 'Juanitaville', 'Croatia', '9541 Streich Village\nAubreefurt, IN 10250-5914', '1993-11-30 14:40:19', '2018-12-18 20:52:15');
INSERT INTO `profiles` (`user_id`, `gender`, `birthday`, `city`, `country`, `address`, `created_at`, `updated_at`) VALUES (102, 'f', '1978-12-12', 'South Izaiahside', 'British Virgin Islands', '437 Bergstrom Manor Suite 343\nSmithamfurt, NY 24694-9729', '1994-04-11 17:58:01', '2019-08-01 18:27:54');
INSERT INTO `profiles` (`user_id`, `gender`, `birthday`, `city`, `country`, `address`, `created_at`, `updated_at`) VALUES (103, 'm', '1945-09-28', 'Kristinabury', 'Lebanon', '7730 Doyle Creek Apt. 713\nDonnellyview, VA 62354-6460', '2002-11-14 10:21:04', '2019-08-21 05:22:52');
INSERT INTO `profiles` (`user_id`, `gender`, `birthday`, `city`, `country`, `address`, `created_at`, `updated_at`) VALUES (104, 'f', '1986-01-04', 'Emilyton', 'Vanuatu', '313 Bella Neck Suite 971\nRatkeside, TN 28022-5287', '2007-04-01 14:32:04', '2019-07-23 07:27:35');
INSERT INTO `profiles` (`user_id`, `gender`, `birthday`, `city`, `country`, `address`, `created_at`, `updated_at`) VALUES (105, 'm', '1961-01-27', 'North Cristinatown', 'Morocco', '821 Ryan Pines\nSouth Lavada, KY 31241', '1990-12-17 11:55:43', '2019-09-25 20:20:12');
INSERT INTO `profiles` (`user_id`, `gender`, `birthday`, `city`, `country`, `address`, `created_at`, `updated_at`) VALUES (106, 'm', '1939-05-14', 'Katlynburgh', 'Togo', '21757 Mellie Hill Suite 687\nD\'Amoreview, RI 28849-6441', '2012-11-26 12:15:52', '2019-06-07 08:21:12');
INSERT INTO `profiles` (`user_id`, `gender`, `birthday`, `city`, `country`, `address`, `created_at`, `updated_at`) VALUES (107, 'm', '1987-04-11', 'Kautzerchester', 'Syrian Arab Republic', '800 Reinger Fork Apt. 601\nWest Feltonland, MI 31627', '1994-02-14 07:10:02', '2018-11-14 04:02:23');
INSERT INTO `profiles` (`user_id`, `gender`, `birthday`, `city`, `country`, `address`, `created_at`, `updated_at`) VALUES (108, 'm', '1977-02-01', 'West Skyeburgh', 'Uganda', '3294 Nicolas Spurs Suite 575\nBrownmouth, CO 29334-0643', '1996-12-01 16:00:39', '2019-11-13 04:00:26');
INSERT INTO `profiles` (`user_id`, `gender`, `birthday`, `city`, `country`, `address`, `created_at`, `updated_at`) VALUES (109, 'f', '1972-07-19', 'West Marquis', 'Sri Lanka', '43757 Watson Common Apt. 449\nVirginiaborough, IA 38577-6948', '2003-01-13 14:00:39', '2019-10-11 16:35:33');
INSERT INTO `profiles` (`user_id`, `gender`, `birthday`, `city`, `country`, `address`, `created_at`, `updated_at`) VALUES (110, 'f', '1978-06-09', 'Jarrodton', 'Bangladesh', '2692 Miller Loaf\nElijahfort, NY 70518-3859', '1992-04-19 07:27:41', '2019-08-14 19:29:26');
INSERT INTO `profiles` (`user_id`, `gender`, `birthday`, `city`, `country`, `address`, `created_at`, `updated_at`) VALUES (111, 'm', '1960-11-05', 'North Cullen', 'Korea', '5400 Keebler Estate\nBridgetstad, DE 87712-3839', '2014-08-29 15:41:25', '2019-07-04 13:28:11');
INSERT INTO `profiles` (`user_id`, `gender`, `birthday`, `city`, `country`, `address`, `created_at`, `updated_at`) VALUES (112, 'm', '1997-11-09', 'Shanahanview', 'Armenia', '69202 Jaskolski Glen\nAntoniamouth, WI 20555', '2015-08-31 05:36:07', '2019-09-06 22:11:44');
INSERT INTO `profiles` (`user_id`, `gender`, `birthday`, `city`, `country`, `address`, `created_at`, `updated_at`) VALUES (113, 'm', '1953-06-19', 'North Mayfort', 'Belize', '7929 Botsford Trail\nFayfort, AZ 03948', '2006-10-30 06:33:31', '2019-05-16 03:57:39');
INSERT INTO `profiles` (`user_id`, `gender`, `birthday`, `city`, `country`, `address`, `created_at`, `updated_at`) VALUES (114, 'f', '1978-04-17', 'Port Malloryberg', 'Singapore', '213 Jaeden Meadows\nHelgaland, WY 44793', '2005-03-18 04:29:37', '2019-12-15 10:21:53');
INSERT INTO `profiles` (`user_id`, `gender`, `birthday`, `city`, `country`, `address`, `created_at`, `updated_at`) VALUES (115, 'f', '1971-04-07', 'New Ofeliaville', 'Paraguay', '174 Thiel Plains\nKassulkechester, AL 19449-5949', '1998-03-24 15:13:40', '2018-11-01 22:39:41');
INSERT INTO `profiles` (`user_id`, `gender`, `birthday`, `city`, `country`, `address`, `created_at`, `updated_at`) VALUES (116, 'f', '1970-06-26', 'North Zoie', 'Equatorial Guinea', '8306 Janessa Dale Suite 730\nWest Alberthaberg, KY 00641-8714', '2007-04-14 11:46:51', '2020-03-27 23:22:21');
INSERT INTO `profiles` (`user_id`, `gender`, `birthday`, `city`, `country`, `address`, `created_at`, `updated_at`) VALUES (117, 'f', '1950-10-20', 'Twilaport', 'Antigua and Barbuda', '057 Jaunita Turnpike Suite 310\nRustyfurt, NE 75469', '2007-03-18 06:18:36', '2018-10-24 18:42:25');
INSERT INTO `profiles` (`user_id`, `gender`, `birthday`, `city`, `country`, `address`, `created_at`, `updated_at`) VALUES (118, 'm', '2001-07-02', 'East Elsastad', 'United Kingdom', '590 Kunze Fields Apt. 317\nWest Orville, MI 29342-0893', '2011-01-25 12:40:14', '2019-03-09 02:41:14');
INSERT INTO `profiles` (`user_id`, `gender`, `birthday`, `city`, `country`, `address`, `created_at`, `updated_at`) VALUES (119, 'm', '2000-04-20', 'North Cali', 'Turks and Caicos Islands', '12754 Haag Plains\nAllanhaven, OH 42726-8418', '1996-01-03 11:34:50', '2019-10-02 08:59:26');
INSERT INTO `profiles` (`user_id`, `gender`, `birthday`, `city`, `country`, `address`, `created_at`, `updated_at`) VALUES (120, 'f', '1996-01-14', 'Jerodchester', 'Angola', '9581 McClure Greens\nLake Sonnystad, NV 10222-0656', '2016-11-25 02:50:30', '2019-06-26 14:01:01');
INSERT INTO `profiles` (`user_id`, `gender`, `birthday`, `city`, `country`, `address`, `created_at`, `updated_at`) VALUES (121, 'f', '1958-09-06', 'North Rosemary', 'Rwanda', '1349 Collins Skyway\nHirtheville, KS 67619', '2011-05-18 18:46:12', '2020-07-22 23:56:07');
INSERT INTO `profiles` (`user_id`, `gender`, `birthday`, `city`, `country`, `address`, `created_at`, `updated_at`) VALUES (122, 'f', '1993-10-10', 'Casimerchester', 'Dominican Republic', '967 Jace Rapid Suite 816\nLake Jaquelineberg, IA 74394-6230', '1993-10-13 16:53:08', '2018-09-06 20:24:18');
INSERT INTO `profiles` (`user_id`, `gender`, `birthday`, `city`, `country`, `address`, `created_at`, `updated_at`) VALUES (123, 'm', '1958-06-22', 'East Barry', 'Benin', '8651 Tremayne Dam Apt. 292\nNorth Haleychester, IN 22456', '2005-08-12 15:53:18', '2019-04-14 14:42:43');
INSERT INTO `profiles` (`user_id`, `gender`, `birthday`, `city`, `country`, `address`, `created_at`, `updated_at`) VALUES (124, 'f', '1966-10-10', 'Alexysport', 'Heard Island and McDonald Islands', '267 Thompson Passage Apt. 755\nAglaeland, AR 14876-1395', '1995-08-28 22:38:14', '2019-04-11 01:54:29');
INSERT INTO `profiles` (`user_id`, `gender`, `birthday`, `city`, `country`, `address`, `created_at`, `updated_at`) VALUES (125, 'm', '1967-01-28', 'New Monserrat', 'Grenada', '3040 Kaya Estate\nMayraton, IN 67064-0210', '2008-04-11 08:43:37', '2018-10-26 13:21:52');
INSERT INTO `profiles` (`user_id`, `gender`, `birthday`, `city`, `country`, `address`, `created_at`, `updated_at`) VALUES (126, 'f', '1960-01-19', 'Ziemannburgh', 'Palestinian Territory', '5239 Mayer Gateway Apt. 312\nLake Alexandreville, MA 72649', '1999-10-15 05:10:31', '2020-07-28 18:18:13');
INSERT INTO `profiles` (`user_id`, `gender`, `birthday`, `city`, `country`, `address`, `created_at`, `updated_at`) VALUES (127, 'm', '1971-09-14', 'Barrowschester', 'Seychelles', '33132 Rogahn Mission Apt. 137\nTeaganmouth, SC 60951-1679', '2000-07-24 05:22:13', '2020-07-26 15:46:58');
INSERT INTO `profiles` (`user_id`, `gender`, `birthday`, `city`, `country`, `address`, `created_at`, `updated_at`) VALUES (128, 'f', '1934-02-17', 'Port Gradymouth', 'Macedonia', '99764 Cameron Drive\nBernicefort, PA 21215', '2000-08-16 21:31:16', '2020-01-26 14:48:59');
INSERT INTO `profiles` (`user_id`, `gender`, `birthday`, `city`, `country`, `address`, `created_at`, `updated_at`) VALUES (129, 'm', '1948-11-06', 'Luismouth', 'Sweden', '195 Keeling Turnpike Apt. 446\nLeilaside, HI 96226', '1990-10-01 12:50:21', '2019-12-23 22:25:37');
INSERT INTO `profiles` (`user_id`, `gender`, `birthday`, `city`, `country`, `address`, `created_at`, `updated_at`) VALUES (130, 'm', '1945-02-12', 'Schneiderport', 'Mongolia', '090 Mills Road\nEast Dustin, VT 74430', '2014-11-20 20:27:30', '2019-08-11 06:22:32');
INSERT INTO `profiles` (`user_id`, `gender`, `birthday`, `city`, `country`, `address`, `created_at`, `updated_at`) VALUES (131, 'm', '1965-06-13', 'Jefferyburgh', 'Marshall Islands', '428 Murphy Stream Apt. 805\nPort Jarredton, CO 79533', '1991-11-30 22:52:54', '2019-03-09 13:44:51');
INSERT INTO `profiles` (`user_id`, `gender`, `birthday`, `city`, `country`, `address`, `created_at`, `updated_at`) VALUES (132, 'f', '2002-02-20', 'Bashirianmouth', 'New Zealand', '4323 Stark Garden\nNew Elvie, MN 29697', '2005-02-05 01:49:58', '2019-10-03 23:38:27');
INSERT INTO `profiles` (`user_id`, `gender`, `birthday`, `city`, `country`, `address`, `created_at`, `updated_at`) VALUES (133, 'f', '1942-07-17', 'East Mattieville', 'Bouvet Island (Bouvetoya)', '816 Littel Shores\nTaliaton, KS 82112', '1994-06-08 08:35:14', '2018-11-09 18:47:14');
INSERT INTO `profiles` (`user_id`, `gender`, `birthday`, `city`, `country`, `address`, `created_at`, `updated_at`) VALUES (134, 'm', '1976-03-14', 'New Amiya', 'Lithuania', '40190 Maybelle Junction Suite 618\nKayceebury, SC 00370-8496', '2001-09-27 02:27:52', '2018-08-12 16:22:52');
INSERT INTO `profiles` (`user_id`, `gender`, `birthday`, `city`, `country`, `address`, `created_at`, `updated_at`) VALUES (135, 'f', '1968-10-15', 'Johnstontown', 'Singapore', '13519 Alexzander Camp Apt. 824\nMcKenzieton, LA 10990-5356', '2009-03-18 12:54:58', '2019-06-27 12:06:16');
INSERT INTO `profiles` (`user_id`, `gender`, `birthday`, `city`, `country`, `address`, `created_at`, `updated_at`) VALUES (136, 'f', '1948-11-19', 'Hollisstad', 'Pitcairn Islands', '250 Ortiz Highway Apt. 695\nAlysonmouth, WV 42605-6949', '2001-02-01 03:10:49', '2019-09-20 21:37:08');
INSERT INTO `profiles` (`user_id`, `gender`, `birthday`, `city`, `country`, `address`, `created_at`, `updated_at`) VALUES (137, 'f', '1960-08-21', 'Lake Doylestad', 'Micronesia', '373 Keith Mill Apt. 583\nMedhurstville, IN 54731-1457', '2007-08-09 07:24:50', '2018-08-14 22:32:36');
INSERT INTO `profiles` (`user_id`, `gender`, `birthday`, `city`, `country`, `address`, `created_at`, `updated_at`) VALUES (138, 'f', '1961-09-08', 'New Taylor', 'Anguilla', '32704 Raphael Spur Suite 792\nSteuberstad, AL 43903', '2013-02-25 14:16:14', '2018-10-19 16:43:21');
INSERT INTO `profiles` (`user_id`, `gender`, `birthday`, `city`, `country`, `address`, `created_at`, `updated_at`) VALUES (139, 'm', '1954-10-31', 'Port Carter', 'Liberia', '182 Auer Via\nZulaufview, VT 47565', '2011-04-21 19:16:40', '2019-08-13 14:04:32');
INSERT INTO `profiles` (`user_id`, `gender`, `birthday`, `city`, `country`, `address`, `created_at`, `updated_at`) VALUES (140, 'f', '1977-10-25', 'Ellisland', 'Paraguay', '988 Tristian Expressway Suite 127\nLake Santos, CO 74168', '1992-09-09 14:00:40', '2018-10-08 03:53:50');
INSERT INTO `profiles` (`user_id`, `gender`, `birthday`, `city`, `country`, `address`, `created_at`, `updated_at`) VALUES (141, 'f', '1940-05-09', 'Pourosfurt', 'Saudi Arabia', '414 Erna Throughway Apt. 952\nMcGlynnbury, ID 58235-2234', '2011-02-04 12:11:37', '2019-01-31 03:51:43');
INSERT INTO `profiles` (`user_id`, `gender`, `birthday`, `city`, `country`, `address`, `created_at`, `updated_at`) VALUES (142, 'f', '1965-12-27', 'New Andre', 'Belgium', '472 Bode Spurs\nNew Angelostad, WY 53783-6934', '2011-08-12 20:47:14', '2019-10-17 21:42:51');
INSERT INTO `profiles` (`user_id`, `gender`, `birthday`, `city`, `country`, `address`, `created_at`, `updated_at`) VALUES (143, 'm', '1946-01-06', 'North Prince', 'Samoa', '53983 Hyman Falls Suite 755\nNew Houstonmouth, DE 03280', '2014-10-07 08:36:00', '2018-10-23 03:51:12');
INSERT INTO `profiles` (`user_id`, `gender`, `birthday`, `city`, `country`, `address`, `created_at`, `updated_at`) VALUES (144, 'm', '1936-09-16', 'Mozelleborough', 'Kuwait', '812 Aisha Circles\nSouth Sheila, OH 82187', '2000-12-01 16:57:53', '2020-02-01 02:49:37');
INSERT INTO `profiles` (`user_id`, `gender`, `birthday`, `city`, `country`, `address`, `created_at`, `updated_at`) VALUES (145, 'm', '1978-10-26', 'Landenstad', 'Guadeloupe', '21483 Nathen Meadow Apt. 773\nWintheiserville, NE 20139', '2008-10-11 17:51:56', '2019-08-09 00:58:37');
INSERT INTO `profiles` (`user_id`, `gender`, `birthday`, `city`, `country`, `address`, `created_at`, `updated_at`) VALUES (146, 'f', '1941-04-02', 'Port Barneyville', 'Cyprus', '189 Adrien Shoals\nPort Marcellaside, WV 54388-5204', '1991-05-05 23:04:48', '2020-06-07 08:51:59');
INSERT INTO `profiles` (`user_id`, `gender`, `birthday`, `city`, `country`, `address`, `created_at`, `updated_at`) VALUES (147, 'f', '1963-01-19', 'New Jazmyne', 'Panama', '85169 Mariane Mountain Apt. 022\nWest Ciaraton, CO 67241-2217', '1994-08-02 02:20:26', '2020-04-01 13:40:43');
INSERT INTO `profiles` (`user_id`, `gender`, `birthday`, `city`, `country`, `address`, `created_at`, `updated_at`) VALUES (148, 'm', '1981-08-18', 'Berniecehaven', 'Egypt', '86112 Abbott Island Suite 501\nPort Dulce, SD 89642', '1999-08-25 23:43:04', '2018-10-23 03:55:05');
INSERT INTO `profiles` (`user_id`, `gender`, `birthday`, `city`, `country`, `address`, `created_at`, `updated_at`) VALUES (149, 'm', '1944-10-19', 'Woodrowland', 'Iraq', '48584 Susanna Spring Apt. 791\nLoiston, VT 74144', '2010-06-15 17:49:47', '2018-09-12 17:58:03');
INSERT INTO `profiles` (`user_id`, `gender`, `birthday`, `city`, `country`, `address`, `created_at`, `updated_at`) VALUES (150, 'm', '1939-08-16', 'Jameystad', 'Saint Vincent and the Grenadines', '8676 Bernhard Walk\nRowenamouth, OK 82641-4482', '2010-12-20 04:10:12', '2019-11-09 23:16:47');
INSERT INTO `profiles` (`user_id`, `gender`, `birthday`, `city`, `country`, `address`, `created_at`, `updated_at`) VALUES (151, 'f', '1944-06-27', 'North Don', 'British Indian Ocean Territory (Chagos Archipelago)', '53207 Considine Springs Suite 812\nPort Carrieshire, ID 42493', '1994-02-06 13:01:41', '2019-11-29 12:27:38');
INSERT INTO `profiles` (`user_id`, `gender`, `birthday`, `city`, `country`, `address`, `created_at`, `updated_at`) VALUES (152, 'f', '1958-05-26', 'Luettgenmouth', 'Bhutan', '0690 Lessie Ramp Suite 533\nBahringerborough, FL 95378', '2008-06-05 00:14:09', '2019-09-14 16:46:54');
INSERT INTO `profiles` (`user_id`, `gender`, `birthday`, `city`, `country`, `address`, `created_at`, `updated_at`) VALUES (153, 'm', '1951-01-15', 'Scottieshire', 'Iraq', '0464 Elaina Drive\nEast Jimmie, NY 89534', '2012-05-27 23:53:56', '2019-06-13 17:32:34');
INSERT INTO `profiles` (`user_id`, `gender`, `birthday`, `city`, `country`, `address`, `created_at`, `updated_at`) VALUES (154, 'm', '1967-01-11', 'West Ayden', 'Panama', '4324 Tess Rest Suite 925\nNorth Elmore, LA 58918-2211', '1998-03-10 17:50:16', '2019-04-20 01:17:44');
INSERT INTO `profiles` (`user_id`, `gender`, `birthday`, `city`, `country`, `address`, `created_at`, `updated_at`) VALUES (155, 'm', '1957-07-04', 'Earnestinemouth', 'Burkina Faso', '2535 Morar Lodge Suite 054\nHowellmouth, SC 70779-2660', '2003-02-07 17:55:24', '2020-05-12 12:10:37');
INSERT INTO `profiles` (`user_id`, `gender`, `birthday`, `city`, `country`, `address`, `created_at`, `updated_at`) VALUES (156, 'm', '1992-03-09', 'Theoburgh', 'Bahamas', '7116 Halle Drive Apt. 685\nReichertbury, CT 63749', '2013-05-25 20:06:49', '2018-12-02 00:00:25');
INSERT INTO `profiles` (`user_id`, `gender`, `birthday`, `city`, `country`, `address`, `created_at`, `updated_at`) VALUES (157, 'm', '1991-06-11', 'Port Lennabury', 'Cyprus', '30734 Oberbrunner Stravenue Apt. 777\nSouth Stephenhaven, ID 23922-9938', '2008-09-20 16:48:42', '2020-01-08 07:26:51');
INSERT INTO `profiles` (`user_id`, `gender`, `birthday`, `city`, `country`, `address`, `created_at`, `updated_at`) VALUES (158, 'f', '1937-06-21', 'Lake Bria', 'Guam', '841 Jaskolski Vista\nAmaliaside, ID 92859-9548', '2002-11-05 01:11:23', '2018-11-30 12:44:03');
INSERT INTO `profiles` (`user_id`, `gender`, `birthday`, `city`, `country`, `address`, `created_at`, `updated_at`) VALUES (159, 'm', '1983-09-20', 'Juliannechester', 'Switzerland', '84472 Antonio Estates Suite 547\nSouth Myron, NH 13557-4862', '2016-10-02 15:59:36', '2019-04-24 15:32:29');
INSERT INTO `profiles` (`user_id`, `gender`, `birthday`, `city`, `country`, `address`, `created_at`, `updated_at`) VALUES (160, 'm', '1978-08-12', 'North Donnyland', 'Northern Mariana Islands', '24179 Beatty Mount Apt. 846\nNorth Santosshire, UT 58136-1896', '1997-12-20 02:34:52', '2019-12-23 09:27:50');
INSERT INTO `profiles` (`user_id`, `gender`, `birthday`, `city`, `country`, `address`, `created_at`, `updated_at`) VALUES (161, 'm', '1941-03-24', 'Osinskiborough', 'Brunei Darussalam', '497 Burnice Hollow Suite 764\nHilperthaven, TX 44081', '2012-09-04 19:18:22', '2019-12-23 04:09:53');
INSERT INTO `profiles` (`user_id`, `gender`, `birthday`, `city`, `country`, `address`, `created_at`, `updated_at`) VALUES (162, 'f', '1992-10-01', 'Kemmerfort', 'Aruba', '594 Haag Spurs\nRaynorfurt, MS 74131', '2002-01-10 02:46:28', '2019-04-22 06:51:52');
INSERT INTO `profiles` (`user_id`, `gender`, `birthday`, `city`, `country`, `address`, `created_at`, `updated_at`) VALUES (163, 'm', '1957-09-15', 'Kuhicberg', 'Saudi Arabia', '7025 Josh Pines Apt. 261\nNew Carolinaborough, RI 94148', '2013-04-29 02:33:04', '2020-06-29 08:26:27');
INSERT INTO `profiles` (`user_id`, `gender`, `birthday`, `city`, `country`, `address`, `created_at`, `updated_at`) VALUES (164, 'm', '1932-12-12', 'Port Kaciside', 'Holy See (Vatican City State)', '312 Carrie Stravenue Apt. 717\nNew Damien, NM 71920-5392', '2014-10-20 07:26:09', '2020-01-08 16:59:56');
INSERT INTO `profiles` (`user_id`, `gender`, `birthday`, `city`, `country`, `address`, `created_at`, `updated_at`) VALUES (165, 'f', '1994-03-31', 'Wittingview', 'Kenya', '2110 Herzog Rue\nLake Maximus, CT 56829', '2016-06-20 03:28:42', '2020-02-03 03:18:29');
INSERT INTO `profiles` (`user_id`, `gender`, `birthday`, `city`, `country`, `address`, `created_at`, `updated_at`) VALUES (166, 'f', '1941-12-23', 'Lake Santinaburgh', 'Cote d\'Ivoire', '884 Otho Ways\nWest Shaniashire, IN 07362-4827', '1999-03-31 19:41:54', '2019-02-08 06:48:55');
INSERT INTO `profiles` (`user_id`, `gender`, `birthday`, `city`, `country`, `address`, `created_at`, `updated_at`) VALUES (167, 'f', '1989-06-26', 'Reichertburgh', 'Poland', '8130 Lela Ways\nRolfsonland, OH 56635', '2000-09-06 13:12:06', '2020-05-26 08:39:32');
INSERT INTO `profiles` (`user_id`, `gender`, `birthday`, `city`, `country`, `address`, `created_at`, `updated_at`) VALUES (168, 'm', '1981-11-07', 'Sporerville', 'Myanmar', '185 Terry Fields Suite 577\nLuellaview, NY 62575', '2011-02-02 18:56:36', '2019-12-25 10:07:43');
INSERT INTO `profiles` (`user_id`, `gender`, `birthday`, `city`, `country`, `address`, `created_at`, `updated_at`) VALUES (169, 'm', '1987-08-27', 'Hoytborough', 'Lithuania', '01780 Katelin Row Suite 975\nWiegandmouth, GA 29147-0248', '1991-04-19 18:00:11', '2019-05-17 12:11:01');
INSERT INTO `profiles` (`user_id`, `gender`, `birthday`, `city`, `country`, `address`, `created_at`, `updated_at`) VALUES (170, 'f', '1951-01-20', 'Marquardtshire', 'Honduras', '82879 Cartwright Lake Apt. 774\nEast Brooklyntown, IL 60104-6473', '2015-04-05 18:46:42', '2018-10-04 06:42:08');
INSERT INTO `profiles` (`user_id`, `gender`, `birthday`, `city`, `country`, `address`, `created_at`, `updated_at`) VALUES (171, 'f', '1983-12-22', 'South Shanelle', 'Bahamas', '057 Malvina Fork Suite 204\nBlandashire, MD 40824-6233', '2013-03-07 11:40:08', '2019-08-13 01:00:34');
INSERT INTO `profiles` (`user_id`, `gender`, `birthday`, `city`, `country`, `address`, `created_at`, `updated_at`) VALUES (172, 'm', '1998-05-27', 'Lake Juvenal', 'Lesotho', '627 Wiegand Expressway\nMaxineland, VA 82639', '1992-05-01 01:08:35', '2019-08-07 10:30:15');
INSERT INTO `profiles` (`user_id`, `gender`, `birthday`, `city`, `country`, `address`, `created_at`, `updated_at`) VALUES (173, 'f', '1974-11-04', 'Goldenstad', 'Gibraltar', '586 Lauretta Trafficway Apt. 354\nEast Terencechester, AR 16927', '2003-08-25 11:52:31', '2019-01-31 07:37:35');
INSERT INTO `profiles` (`user_id`, `gender`, `birthday`, `city`, `country`, `address`, `created_at`, `updated_at`) VALUES (174, 'm', '1939-02-20', 'Benedictshire', 'Mayotte', '49809 Pagac Pike\nPort Margieburgh, MO 42172-2569', '2004-10-26 22:31:07', '2018-11-25 10:50:41');
INSERT INTO `profiles` (`user_id`, `gender`, `birthday`, `city`, `country`, `address`, `created_at`, `updated_at`) VALUES (175, 'm', '1942-03-15', 'Sengerstad', 'Reunion', '69667 Kozey Roads Apt. 025\nJanelleberg, DE 36295', '1998-09-23 20:00:35', '2019-09-25 18:40:33');
INSERT INTO `profiles` (`user_id`, `gender`, `birthday`, `city`, `country`, `address`, `created_at`, `updated_at`) VALUES (176, 'f', '1981-10-02', 'North Laisha', 'Saint Martin', '6221 Reilly Pines\nMagnusberg, GA 71799', '1994-01-27 23:27:10', '2019-12-03 14:58:06');
INSERT INTO `profiles` (`user_id`, `gender`, `birthday`, `city`, `country`, `address`, `created_at`, `updated_at`) VALUES (177, 'm', '1952-08-04', 'New Eratown', 'Mayotte', '022 Trevor Roads\nNew Scotty, NC 52925-1133', '1994-05-05 01:53:39', '2019-10-28 22:43:04');
INSERT INTO `profiles` (`user_id`, `gender`, `birthday`, `city`, `country`, `address`, `created_at`, `updated_at`) VALUES (178, 'm', '1952-08-25', 'Dallastown', 'Saint Helena', '27583 Howell Dam\nKirkton, MN 24987', '2015-04-09 16:21:11', '2020-01-23 08:20:48');
INSERT INTO `profiles` (`user_id`, `gender`, `birthday`, `city`, `country`, `address`, `created_at`, `updated_at`) VALUES (179, 'm', '1986-07-28', 'Hoytshire', 'Uruguay', '2621 Kulas Falls Apt. 080\nEast Callie, GA 43703-4677', '2006-10-05 18:54:29', '2020-02-24 21:29:03');
INSERT INTO `profiles` (`user_id`, `gender`, `birthday`, `city`, `country`, `address`, `created_at`, `updated_at`) VALUES (180, 'm', '1944-06-07', 'Port Nikki', 'Guernsey', '354 Shawn Path Suite 182\nBeattyfurt, NM 43737', '2013-01-20 14:07:36', '2019-02-23 18:13:15');
INSERT INTO `profiles` (`user_id`, `gender`, `birthday`, `city`, `country`, `address`, `created_at`, `updated_at`) VALUES (181, 'm', '1975-10-14', 'Rohanborough', 'Guam', '0465 Gottlieb Roads Apt. 475\nKonopelskiland, CO 03109-8994', '2010-08-01 20:26:25', '2019-09-22 04:11:18');
INSERT INTO `profiles` (`user_id`, `gender`, `birthday`, `city`, `country`, `address`, `created_at`, `updated_at`) VALUES (182, 'f', '1994-01-16', 'Bellestad', 'Libyan Arab Jamahiriya', '23402 Sherman Trace Suite 478\nFerneton, NV 62798-4346', '2003-03-04 04:18:41', '2018-08-10 15:30:36');
INSERT INTO `profiles` (`user_id`, `gender`, `birthday`, `city`, `country`, `address`, `created_at`, `updated_at`) VALUES (183, 'f', '1941-04-27', 'Bechtelarton', 'Liberia', '7678 West Summit Apt. 408\nSchuppestad, OK 08809', '2008-04-30 10:29:30', '2020-08-08 15:41:18');
INSERT INTO `profiles` (`user_id`, `gender`, `birthday`, `city`, `country`, `address`, `created_at`, `updated_at`) VALUES (184, 'm', '1969-02-07', 'Port Osbornemouth', 'United States Virgin Islands', '308 Sigurd Tunnel Apt. 728\nPort Zanderbury, WA 51404-5749', '2000-06-07 16:27:25', '2019-05-30 03:44:59');
INSERT INTO `profiles` (`user_id`, `gender`, `birthday`, `city`, `country`, `address`, `created_at`, `updated_at`) VALUES (185, 'm', '1951-05-13', 'Port Name', 'Saint Pierre and Miquelon', '2126 Pfannerstill Valleys Suite 132\nMattiefort, TX 39029-1551', '1996-01-18 17:34:15', '2020-02-06 12:26:30');
INSERT INTO `profiles` (`user_id`, `gender`, `birthday`, `city`, `country`, `address`, `created_at`, `updated_at`) VALUES (186, 'm', '1985-12-23', 'Port Anabelchester', 'Wallis and Futuna', '21957 Claire Mission Apt. 649\nSouth Joanyhaven, NC 42453', '1992-05-20 01:46:00', '2019-06-20 05:25:09');
INSERT INTO `profiles` (`user_id`, `gender`, `birthday`, `city`, `country`, `address`, `created_at`, `updated_at`) VALUES (187, 'm', '1961-10-16', 'Carminetown', 'Palau', '33139 Marguerite Trail\nNew Shyanne, CO 15890', '2009-03-04 22:31:23', '2018-09-13 01:20:17');
INSERT INTO `profiles` (`user_id`, `gender`, `birthday`, `city`, `country`, `address`, `created_at`, `updated_at`) VALUES (188, 'm', '1999-09-13', 'Judemouth', 'United States Minor Outlying Islands', '0639 Dietrich Fort Apt. 491\nRodriguezside, VA 49516', '2004-01-20 04:16:40', '2018-09-09 02:03:42');
INSERT INTO `profiles` (`user_id`, `gender`, `birthday`, `city`, `country`, `address`, `created_at`, `updated_at`) VALUES (189, 'f', '1964-04-22', 'Port Lenora', 'Jordan', '0668 Schinner Plaza Apt. 232\nPort Paigeland, SD 27888', '1994-12-05 00:52:28', '2020-01-25 21:51:33');
INSERT INTO `profiles` (`user_id`, `gender`, `birthday`, `city`, `country`, `address`, `created_at`, `updated_at`) VALUES (190, 'f', '1998-05-12', 'McCulloughmouth', 'Russian Federation', '0346 Hoppe Lights Apt. 511\nLake Jessika, CT 24183', '1991-10-13 12:06:45', '2018-11-14 07:43:36');
INSERT INTO `profiles` (`user_id`, `gender`, `birthday`, `city`, `country`, `address`, `created_at`, `updated_at`) VALUES (191, 'f', '1936-07-07', 'Osinskiview', 'Andorra', '028 Della Alley\nGorczanyhaven, AL 10757', '1990-10-08 17:40:33', '2018-08-19 20:31:02');
INSERT INTO `profiles` (`user_id`, `gender`, `birthday`, `city`, `country`, `address`, `created_at`, `updated_at`) VALUES (192, 'f', '1976-11-07', 'East Daphne', 'Samoa', '03526 Mraz Shoal Suite 239\nSouth Era, OH 97755', '1991-07-11 11:00:48', '2018-08-24 02:22:12');
INSERT INTO `profiles` (`user_id`, `gender`, `birthday`, `city`, `country`, `address`, `created_at`, `updated_at`) VALUES (193, 'f', '1995-05-13', 'Nolanview', 'Niger', '108 Wilkinson Freeway\nHayesburgh, WI 71130-6039', '2012-07-18 03:39:11', '2018-11-01 21:17:45');
INSERT INTO `profiles` (`user_id`, `gender`, `birthday`, `city`, `country`, `address`, `created_at`, `updated_at`) VALUES (194, 'f', '1934-09-22', 'South Darronview', 'Netherlands', '097 Volkman Ferry Apt. 610\nEast Alek, AZ 89872', '1996-10-07 10:55:24', '2018-12-16 15:16:07');
INSERT INTO `profiles` (`user_id`, `gender`, `birthday`, `city`, `country`, `address`, `created_at`, `updated_at`) VALUES (195, 'f', '1935-10-06', 'South Sigurd', 'Eritrea', '6058 Lind Stream Apt. 807\nNeilfort, WV 52061', '2005-04-03 09:54:22', '2020-06-29 06:38:05');
INSERT INTO `profiles` (`user_id`, `gender`, `birthday`, `city`, `country`, `address`, `created_at`, `updated_at`) VALUES (196, 'm', '1977-12-07', 'East Stefan', 'Bolivia', '4531 D\'angelo Pike\nNorth Veronamouth, AK 40481', '2005-02-27 05:43:09', '2019-02-01 15:47:46');
INSERT INTO `profiles` (`user_id`, `gender`, `birthday`, `city`, `country`, `address`, `created_at`, `updated_at`) VALUES (197, 'f', '1935-11-10', 'Herzogland', 'Barbados', '71935 Wisozk Course\nDillanchester, AK 06752', '2010-06-22 08:34:01', '2020-07-14 13:32:50');
INSERT INTO `profiles` (`user_id`, `gender`, `birthday`, `city`, `country`, `address`, `created_at`, `updated_at`) VALUES (198, 'f', '1969-10-14', 'Port Dane', 'Mozambique', '9050 Deshaun Rapids\nLucasburgh, NJ 71980', '2008-03-16 02:01:09', '2019-04-23 08:19:03');
INSERT INTO `profiles` (`user_id`, `gender`, `birthday`, `city`, `country`, `address`, `created_at`, `updated_at`) VALUES (199, 'm', '1965-10-16', 'North Madie', 'Kyrgyz Republic', '45753 Estevan Extensions Suite 185\nNew Coltonton, FL 37150', '1995-12-10 15:03:08', '2018-11-28 09:08:24');
INSERT INTO `profiles` (`user_id`, `gender`, `birthday`, `city`, `country`, `address`, `created_at`, `updated_at`) VALUES (200, 'f', '1989-04-20', 'Pourosborough', 'Malaysia', '525 Stanton Creek\nAbshiretown, WI 96909-0678', '2009-01-10 16:12:30', '2018-10-13 04:12:02');
INSERT INTO `profiles` (`user_id`, `gender`, `birthday`, `city`, `country`, `address`, `created_at`, `updated_at`) VALUES (201, 'f', '1977-03-31', 'East Karinaberg', 'Mauritania', '137 Emmalee Prairie\nEast Nicholasland, IN 87414', '2000-06-17 18:00:48', '2019-10-31 23:34:50');
INSERT INTO `profiles` (`user_id`, `gender`, `birthday`, `city`, `country`, `address`, `created_at`, `updated_at`) VALUES (202, 'f', '1932-07-30', 'Dustinside', 'British Indian Ocean Territory (Chagos Archipelago)', '55169 Emely Rapid Suite 770\nPort Dillon, TN 60993-8944', '2013-02-27 02:31:33', '2020-07-25 01:11:53');
INSERT INTO `profiles` (`user_id`, `gender`, `birthday`, `city`, `country`, `address`, `created_at`, `updated_at`) VALUES (203, 'f', '1996-07-04', 'Rohanside', 'Nauru', '661 Ellie Heights Suite 359\nWest Levishire, NE 91711', '1996-12-29 00:52:28', '2019-11-26 18:01:03');
INSERT INTO `profiles` (`user_id`, `gender`, `birthday`, `city`, `country`, `address`, `created_at`, `updated_at`) VALUES (204, 'f', '1988-01-19', 'West Rayfort', 'Brunei Darussalam', '30715 Emard Cliff\nHomenickfort, GA 98762', '2010-11-26 03:21:53', '2019-02-19 05:22:10');
INSERT INTO `profiles` (`user_id`, `gender`, `birthday`, `city`, `country`, `address`, `created_at`, `updated_at`) VALUES (205, 'm', '1944-02-27', 'East Mittiestad', 'Bahamas', '627 Streich Underpass Apt. 067\nWhitemouth, VA 28173', '2013-06-08 17:25:00', '2020-02-04 23:50:02');
INSERT INTO `profiles` (`user_id`, `gender`, `birthday`, `city`, `country`, `address`, `created_at`, `updated_at`) VALUES (206, 'f', '1999-07-31', 'South Deontae', 'Senegal', '6417 Kreiger Ranch Apt. 927\nMcGlynnville, IA 58035-0612', '2003-12-30 12:32:56', '2019-07-06 04:17:25');
INSERT INTO `profiles` (`user_id`, `gender`, `birthday`, `city`, `country`, `address`, `created_at`, `updated_at`) VALUES (207, 'm', '1934-03-30', 'Port Hanna', 'Svalbard & Jan Mayen Islands', '2195 Fausto Village Suite 271\nSouth Pinkie, ID 75049-0165', '1995-04-25 19:28:22', '2020-05-14 03:51:00');
INSERT INTO `profiles` (`user_id`, `gender`, `birthday`, `city`, `country`, `address`, `created_at`, `updated_at`) VALUES (208, 'm', '1976-05-14', 'West Randiberg', 'Guam', '76601 Elisabeth Orchard\nPerrytown, NC 88798-7118', '2006-08-17 17:33:15', '2019-11-17 00:44:27');
INSERT INTO `profiles` (`user_id`, `gender`, `birthday`, `city`, `country`, `address`, `created_at`, `updated_at`) VALUES (209, 'f', '1998-10-31', 'Mrazshire', 'Kyrgyz Republic', '6500 Aaliyah Plains Suite 973\nRobelside, HI 01827-2978', '2007-06-17 02:26:45', '2020-05-11 13:19:55');
INSERT INTO `profiles` (`user_id`, `gender`, `birthday`, `city`, `country`, `address`, `created_at`, `updated_at`) VALUES (210, 'f', '1945-08-04', 'Bernhardfurt', 'Uganda', '07544 Champlin Junction\nNorth Sheila, KY 37820-1292', '2008-03-20 16:27:21', '2020-06-29 04:24:04');
INSERT INTO `profiles` (`user_id`, `gender`, `birthday`, `city`, `country`, `address`, `created_at`, `updated_at`) VALUES (211, 'f', '1931-07-29', 'Gutkowskiport', 'Bahamas', '6427 Bayer Pike\nCorkeryfurt, DC 99878-5436', '2006-05-26 07:59:27', '2020-04-28 21:36:00');
INSERT INTO `profiles` (`user_id`, `gender`, `birthday`, `city`, `country`, `address`, `created_at`, `updated_at`) VALUES (212, 'm', '1989-04-27', 'South Samanthastad', 'Marshall Islands', '2040 Keebler Flat Suite 334\nLoweland, MS 69365', '2003-11-15 10:13:20', '2019-01-31 06:20:30');
INSERT INTO `profiles` (`user_id`, `gender`, `birthday`, `city`, `country`, `address`, `created_at`, `updated_at`) VALUES (213, 'f', '1959-07-25', 'Port Loyalberg', 'Suriname', '26053 Brain Ville\nNew Ashlytown, IL 34072', '1996-02-25 17:02:41', '2020-02-10 05:19:35');
INSERT INTO `profiles` (`user_id`, `gender`, `birthday`, `city`, `country`, `address`, `created_at`, `updated_at`) VALUES (214, 'f', '1962-02-01', 'Ubaldoshire', 'Mexico', '2370 Carol Points\nSouth Delphia, NM 68717', '1996-08-15 21:16:34', '2018-10-27 00:40:24');
INSERT INTO `profiles` (`user_id`, `gender`, `birthday`, `city`, `country`, `address`, `created_at`, `updated_at`) VALUES (215, 'f', '1987-04-13', 'South Mertieborough', 'Zambia', '087 Dianna Points Suite 280\nLake Destinyview, AL 88580', '1994-03-29 19:53:40', '2019-04-24 20:12:51');
INSERT INTO `profiles` (`user_id`, `gender`, `birthday`, `city`, `country`, `address`, `created_at`, `updated_at`) VALUES (216, 'm', '1998-08-01', 'South Krista', 'Eritrea', '38243 Nova Keys\nAvisview, GA 25837-9853', '2007-12-02 09:00:28', '2018-11-06 16:14:29');
INSERT INTO `profiles` (`user_id`, `gender`, `birthday`, `city`, `country`, `address`, `created_at`, `updated_at`) VALUES (217, 'm', '1957-04-12', 'Kuvalisside', 'Serbia', '01759 Schiller Knoll Suite 736\nPort Vidal, ND 99346', '1997-06-22 04:14:19', '2020-02-01 02:29:21');
INSERT INTO `profiles` (`user_id`, `gender`, `birthday`, `city`, `country`, `address`, `created_at`, `updated_at`) VALUES (218, 'f', '1937-09-27', 'North Torranceberg', 'Chile', '677 Murazik Islands\nWilfredofurt, MD 80946-8082', '2013-10-06 01:59:28', '2019-07-07 00:04:33');
INSERT INTO `profiles` (`user_id`, `gender`, `birthday`, `city`, `country`, `address`, `created_at`, `updated_at`) VALUES (219, 'f', '1960-04-13', 'West Bella', 'Aruba', '21180 Maritza Union Apt. 067\nKeeganmouth, AK 14903-7537', '1995-11-06 20:45:35', '2019-08-29 05:58:00');
INSERT INTO `profiles` (`user_id`, `gender`, `birthday`, `city`, `country`, `address`, `created_at`, `updated_at`) VALUES (220, 'm', '1963-07-17', 'Octaviashire', 'Serbia', '11959 Vincenza Throughway\nKatlynville, IA 39592-8918', '2002-09-18 20:53:36', '2019-10-16 04:40:21');
INSERT INTO `profiles` (`user_id`, `gender`, `birthday`, `city`, `country`, `address`, `created_at`, `updated_at`) VALUES (221, 'f', '1956-01-23', 'Pacochaside', 'Trinidad and Tobago', '998 Michel Road\nNorth Hailee, NH 78796-0512', '2005-08-25 04:52:13', '2019-02-14 15:14:44');
INSERT INTO `profiles` (`user_id`, `gender`, `birthday`, `city`, `country`, `address`, `created_at`, `updated_at`) VALUES (222, 'f', '1955-01-20', 'Port Tania', 'Togo', '938 Spinka Station\nNew Kadin, DC 91086', '2002-02-20 20:02:23', '2019-11-15 16:35:51');
INSERT INTO `profiles` (`user_id`, `gender`, `birthday`, `city`, `country`, `address`, `created_at`, `updated_at`) VALUES (223, 'f', '1993-05-11', 'Reingerbury', 'Gabon', '97214 Jaskolski Cliffs\nKaitlynberg, NC 37890', '2009-08-24 07:05:48', '2019-05-22 14:41:18');
INSERT INTO `profiles` (`user_id`, `gender`, `birthday`, `city`, `country`, `address`, `created_at`, `updated_at`) VALUES (224, 'm', '1954-01-19', 'Lake Eloisamouth', 'Saint Helena', '73383 Metz Court\nHayeshaven, NE 85711-7041', '2013-09-18 04:38:30', '2019-06-25 12:10:42');
INSERT INTO `profiles` (`user_id`, `gender`, `birthday`, `city`, `country`, `address`, `created_at`, `updated_at`) VALUES (225, 'm', '1991-02-13', 'New Rickshire', 'Serbia', '0658 Gutkowski Greens\nAshlyton, IA 12535-7105', '1991-02-15 17:24:54', '2019-11-15 12:21:10');
INSERT INTO `profiles` (`user_id`, `gender`, `birthday`, `city`, `country`, `address`, `created_at`, `updated_at`) VALUES (226, 'm', '1932-08-15', 'Fatimashire', 'Iceland', '9900 Wendy Bridge Apt. 154\nMayertport, TN 50636', '1996-07-18 21:31:03', '2019-11-23 02:10:10');
INSERT INTO `profiles` (`user_id`, `gender`, `birthday`, `city`, `country`, `address`, `created_at`, `updated_at`) VALUES (227, 'm', '1936-03-17', 'Mariloushire', 'Panama', '829 Emiliano Prairie\nLudwigtown, IA 41204-3709', '1996-09-19 12:49:49', '2018-09-12 01:46:15');
INSERT INTO `profiles` (`user_id`, `gender`, `birthday`, `city`, `country`, `address`, `created_at`, `updated_at`) VALUES (228, 'm', '1944-10-14', 'Clarabellemouth', 'Cayman Islands', '848 Cierra Loaf\nPort Pablomouth, AR 52621', '2017-02-14 23:15:01', '2020-03-17 23:13:52');
INSERT INTO `profiles` (`user_id`, `gender`, `birthday`, `city`, `country`, `address`, `created_at`, `updated_at`) VALUES (229, 'm', '1969-04-04', 'Lake Garfieldmouth', 'Maldives', '539 Vergie Manors Apt. 816\nDickensview, MT 19188-6392', '2017-01-01 23:17:49', '2019-07-29 03:47:39');
INSERT INTO `profiles` (`user_id`, `gender`, `birthday`, `city`, `country`, `address`, `created_at`, `updated_at`) VALUES (230, 'f', '1961-01-02', 'South Colby', 'Saudi Arabia', '9192 Cormier Circles Suite 999\nAndreanefurt, TX 71545', '2001-08-01 13:38:32', '2019-06-13 14:58:03');
INSERT INTO `profiles` (`user_id`, `gender`, `birthday`, `city`, `country`, `address`, `created_at`, `updated_at`) VALUES (231, 'm', '1931-11-23', 'East Maxime', 'Senegal', '76803 Stanton Ford\nNorth Harry, PA 88467-0737', '1997-06-27 17:50:05', '2018-10-29 16:06:57');
INSERT INTO `profiles` (`user_id`, `gender`, `birthday`, `city`, `country`, `address`, `created_at`, `updated_at`) VALUES (232, 'm', '1977-07-30', 'South Kaleborough', 'Antarctica (the territory South of 60 deg S)', '552 Earnest Causeway Suite 715\nEast Reilly, MI 85857', '1994-11-30 10:53:37', '2020-01-18 07:29:38');
INSERT INTO `profiles` (`user_id`, `gender`, `birthday`, `city`, `country`, `address`, `created_at`, `updated_at`) VALUES (233, 'f', '1958-04-12', 'Port Paigeland', 'Malawi', '76559 Danika Union Suite 463\nEast Obieland, CT 82074', '1995-02-10 15:56:33', '2020-03-21 06:56:00');
INSERT INTO `profiles` (`user_id`, `gender`, `birthday`, `city`, `country`, `address`, `created_at`, `updated_at`) VALUES (234, 'm', '1958-03-28', 'Larrymouth', 'Uganda', '3929 Schaefer Views Suite 806\nBoganmouth, MO 88150-2953', '2012-11-05 07:00:56', '2020-04-14 02:16:54');
INSERT INTO `profiles` (`user_id`, `gender`, `birthday`, `city`, `country`, `address`, `created_at`, `updated_at`) VALUES (235, 'f', '1930-12-06', 'Port Richmondberg', 'Hong Kong', '4227 Stephan Summit\nLake Kobe, MT 04164-9708', '2002-07-26 01:38:45', '2019-11-29 15:10:20');
INSERT INTO `profiles` (`user_id`, `gender`, `birthday`, `city`, `country`, `address`, `created_at`, `updated_at`) VALUES (236, 'f', '1935-07-25', 'North Marcelino', 'China', '49055 Heaven Island Apt. 546\nPort Jammiehaven, WV 49249', '2006-10-31 01:26:24', '2020-03-24 21:25:52');
INSERT INTO `profiles` (`user_id`, `gender`, `birthday`, `city`, `country`, `address`, `created_at`, `updated_at`) VALUES (237, 'f', '1950-02-07', 'Breanamouth', 'Portugal', '3018 Millie Harbor Apt. 802\nPort Evertland, LA 50461', '1993-05-14 17:11:56', '2019-09-08 10:28:23');
INSERT INTO `profiles` (`user_id`, `gender`, `birthday`, `city`, `country`, `address`, `created_at`, `updated_at`) VALUES (238, 'f', '1986-06-05', 'Boylefurt', 'Mozambique', '09088 Schulist Hollow\nLake Carli, WY 58346', '2008-03-30 07:03:12', '2019-05-08 18:18:33');
INSERT INTO `profiles` (`user_id`, `gender`, `birthday`, `city`, `country`, `address`, `created_at`, `updated_at`) VALUES (239, 'f', '2001-04-28', 'South Kim', 'Costa Rica', '84835 Daugherty Ports Apt. 983\nPort Jarred, LA 95207-8978', '2016-08-19 10:23:07', '2019-02-14 16:26:46');
INSERT INTO `profiles` (`user_id`, `gender`, `birthday`, `city`, `country`, `address`, `created_at`, `updated_at`) VALUES (240, 'f', '1996-12-16', 'Howeshire', 'French Polynesia', '091 Raina Isle Suite 416\nNorth Jevon, IN 11515-8826', '2002-11-27 10:11:25', '2020-03-03 00:55:12');
INSERT INTO `profiles` (`user_id`, `gender`, `birthday`, `city`, `country`, `address`, `created_at`, `updated_at`) VALUES (241, 'm', '1955-08-10', 'Port Cordia', 'Mali', '1577 Reichel Parks\nBashirianside, OR 57334', '2017-08-03 03:00:06', '2018-10-21 22:03:53');
INSERT INTO `profiles` (`user_id`, `gender`, `birthday`, `city`, `country`, `address`, `created_at`, `updated_at`) VALUES (242, 'f', '1934-12-24', 'McLaughlinville', 'British Virgin Islands', '101 Kaley Gardens Suite 886\nPort Lucienneview, TX 50578-6186', '2005-05-14 09:44:41', '2020-05-20 08:37:38');
INSERT INTO `profiles` (`user_id`, `gender`, `birthday`, `city`, `country`, `address`, `created_at`, `updated_at`) VALUES (243, 'f', '1936-09-24', 'East Emmetview', 'Niger', '232 Hackett Vista\nNew Ozellaview, IA 06039-9637', '2000-05-08 19:08:54', '2020-08-02 11:21:43');
INSERT INTO `profiles` (`user_id`, `gender`, `birthday`, `city`, `country`, `address`, `created_at`, `updated_at`) VALUES (244, 'f', '1984-09-19', 'West Norvalhaven', 'Burkina Faso', '9331 Ryleigh Spur Apt. 109\nNew Alvertastad, MO 51252', '1995-06-12 10:06:42', '2020-02-20 22:35:08');
INSERT INTO `profiles` (`user_id`, `gender`, `birthday`, `city`, `country`, `address`, `created_at`, `updated_at`) VALUES (245, 'f', '1971-10-16', 'Port Mohammed', 'Togo', '7316 Kris Spring\nSouth Elyssa, UT 85507-2457', '2017-02-11 07:25:42', '2019-10-26 09:29:29');
INSERT INTO `profiles` (`user_id`, `gender`, `birthday`, `city`, `country`, `address`, `created_at`, `updated_at`) VALUES (246, 'f', '1994-10-11', 'Eunashire', 'Cameroon', '5285 Borer Center Apt. 557\nLake Turner, MT 63838', '1995-05-14 04:54:53', '2018-09-06 11:55:05');
INSERT INTO `profiles` (`user_id`, `gender`, `birthday`, `city`, `country`, `address`, `created_at`, `updated_at`) VALUES (247, 'f', '1999-12-06', 'Twilaberg', 'Liberia', '574 Shania Ford Suite 753\nPort Trey, CA 00667-8590', '2004-10-30 22:20:32', '2019-12-26 03:52:36');
INSERT INTO `profiles` (`user_id`, `gender`, `birthday`, `city`, `country`, `address`, `created_at`, `updated_at`) VALUES (248, 'f', '1978-05-24', 'Port Dillonfurt', 'Macedonia', '393 Collins Ports\nLake Tobyland, DC 71459', '2006-12-03 15:02:28', '2019-08-14 18:57:11');
INSERT INTO `profiles` (`user_id`, `gender`, `birthday`, `city`, `country`, `address`, `created_at`, `updated_at`) VALUES (249, 'f', '1932-06-08', 'East Maurine', 'Liechtenstein', '6672 Christa Lock\nStephanieborough, KY 71439-5780', '1995-07-06 03:41:42', '2018-12-15 10:04:52');
INSERT INTO `profiles` (`user_id`, `gender`, `birthday`, `city`, `country`, `address`, `created_at`, `updated_at`) VALUES (250, 'f', '1968-02-09', 'Rauport', 'Iceland', '2514 Dibbert Prairie\nWest Joemouth, UT 81082-2744', '1996-09-23 02:52:17', '2018-10-29 07:23:26');
INSERT INTO `profiles` (`user_id`, `gender`, `birthday`, `city`, `country`, `address`, `created_at`, `updated_at`) VALUES (251, 'm', '1936-01-18', 'Port Myaburgh', 'Taiwan', '5101 Fiona Light Suite 477\nPort Virginieville, AR 29149', '1994-02-05 11:37:51', '2019-11-02 22:28:53');
INSERT INTO `profiles` (`user_id`, `gender`, `birthday`, `city`, `country`, `address`, `created_at`, `updated_at`) VALUES (252, 'm', '1973-08-14', 'Maidaview', 'Estonia', '53005 Elsie Locks\nLottieberg, NE 93692', '2001-12-04 23:27:50', '2019-03-12 20:29:32');
INSERT INTO `profiles` (`user_id`, `gender`, `birthday`, `city`, `country`, `address`, `created_at`, `updated_at`) VALUES (253, 'f', '1983-01-05', 'Ziemehaven', 'Palestinian Territory', '8874 McLaughlin Tunnel\nMaceyland, MT 60535-9241', '2009-04-18 09:18:40', '2018-10-30 21:38:56');
INSERT INTO `profiles` (`user_id`, `gender`, `birthday`, `city`, `country`, `address`, `created_at`, `updated_at`) VALUES (254, 'f', '1980-09-26', 'Claireside', 'Slovakia (Slovak Republic)', '7212 Marjorie Ville Suite 963\nLake Isabell, CT 54973', '1994-08-28 17:05:54', '2018-11-13 23:40:04');
INSERT INTO `profiles` (`user_id`, `gender`, `birthday`, `city`, `country`, `address`, `created_at`, `updated_at`) VALUES (255, 'm', '1971-01-25', 'Shanahanport', 'Wallis and Futuna', '59754 Elbert Meadows Suite 122\nNorth Leta, NM 86597', '2016-01-29 13:55:16', '2020-04-11 15:10:30');
INSERT INTO `profiles` (`user_id`, `gender`, `birthday`, `city`, `country`, `address`, `created_at`, `updated_at`) VALUES (256, 'm', '2002-02-07', 'Skyebury', 'Russian Federation', '5364 Wisoky Plain Apt. 177\nSouth Ninaview, HI 49756', '1995-01-10 16:23:11', '2019-07-02 15:37:11');
INSERT INTO `profiles` (`user_id`, `gender`, `birthday`, `city`, `country`, `address`, `created_at`, `updated_at`) VALUES (257, 'f', '1955-04-13', 'Baronview', 'Indonesia', '13963 Javon Prairie Apt. 299\nFeestport, MO 61085', '2010-09-04 16:58:51', '2020-02-22 06:34:52');
INSERT INTO `profiles` (`user_id`, `gender`, `birthday`, `city`, `country`, `address`, `created_at`, `updated_at`) VALUES (258, 'm', '1933-06-06', 'Webermouth', 'Korea', '368 Shanahan Highway Apt. 458\nKeshawnton, FL 31519-4958', '1995-10-05 06:19:16', '2018-10-02 16:47:45');
INSERT INTO `profiles` (`user_id`, `gender`, `birthday`, `city`, `country`, `address`, `created_at`, `updated_at`) VALUES (259, 'm', '1973-10-07', 'Keelingside', 'Bahrain', '17564 Robin Square\nEast Deefort, MD 06359', '1995-10-24 14:06:50', '2019-03-11 17:37:34');
INSERT INTO `profiles` (`user_id`, `gender`, `birthday`, `city`, `country`, `address`, `created_at`, `updated_at`) VALUES (260, 'm', '1966-02-21', 'West Mohamed', 'Uzbekistan', '85726 Senger Shoal Apt. 535\nNorth Candidaburgh, IA 88516', '2017-07-15 14:21:20', '2020-05-25 15:59:58');
INSERT INTO `profiles` (`user_id`, `gender`, `birthday`, `city`, `country`, `address`, `created_at`, `updated_at`) VALUES (261, 'f', '1933-10-30', 'Lake Bill', 'Panama', '9000 Missouri Square Suite 383\nNorth Treverborough, AZ 46841-2117', '2009-07-26 04:03:41', '2019-10-11 03:10:15');
INSERT INTO `profiles` (`user_id`, `gender`, `birthday`, `city`, `country`, `address`, `created_at`, `updated_at`) VALUES (262, 'm', '1965-08-29', 'Port Kyla', 'Zimbabwe', '223 Bechtelar Hill Apt. 224\nMariloufort, MS 91299', '2012-10-22 05:21:32', '2019-02-28 01:09:05');
INSERT INTO `profiles` (`user_id`, `gender`, `birthday`, `city`, `country`, `address`, `created_at`, `updated_at`) VALUES (263, 'm', '1933-06-05', 'Velvafort', 'Palestinian Territory', '74843 McGlynn Dam\nGonzalotown, ND 31187', '2010-09-20 07:08:18', '2020-02-19 22:46:39');
INSERT INTO `profiles` (`user_id`, `gender`, `birthday`, `city`, `country`, `address`, `created_at`, `updated_at`) VALUES (264, 'm', '1955-09-28', 'Rogelioton', 'Mauritius', '33522 Smitham Estate Apt. 103\nGideonland, MS 68404-1480', '2001-06-01 17:38:30', '2019-02-14 17:54:45');
INSERT INTO `profiles` (`user_id`, `gender`, `birthday`, `city`, `country`, `address`, `created_at`, `updated_at`) VALUES (265, 'm', '1956-09-24', 'Kemmertown', 'Norway', '78710 Mason Stravenue Apt. 246\nNew Vicenta, VA 24292', '2014-01-30 10:27:28', '2019-12-19 22:59:18');
INSERT INTO `profiles` (`user_id`, `gender`, `birthday`, `city`, `country`, `address`, `created_at`, `updated_at`) VALUES (266, 'f', '1968-09-03', 'Bobbiehaven', 'Slovenia', '1297 Kerluke Spurs\nPort Santinostad, MT 05431', '2012-10-11 08:04:27', '2019-10-27 17:54:03');
INSERT INTO `profiles` (`user_id`, `gender`, `birthday`, `city`, `country`, `address`, `created_at`, `updated_at`) VALUES (267, 'm', '1951-05-23', 'Henrietteton', 'Libyan Arab Jamahiriya', '7799 Glenna Ville Apt. 339\nNorth Ernestina, NY 05899-7865', '2012-09-04 03:49:07', '2019-12-10 18:45:11');
INSERT INTO `profiles` (`user_id`, `gender`, `birthday`, `city`, `country`, `address`, `created_at`, `updated_at`) VALUES (268, 'f', '1979-10-18', 'North Allanview', 'Chad', '40449 Carroll Orchard\nNorth Patricia, NM 57883', '2014-06-11 18:13:25', '2018-10-05 05:04:52');
INSERT INTO `profiles` (`user_id`, `gender`, `birthday`, `city`, `country`, `address`, `created_at`, `updated_at`) VALUES (269, 'm', '1942-03-29', 'West Bella', 'Peru', '6699 Trey Ridge Apt. 001\nSouth Kylee, VT 28824', '1997-09-16 22:26:46', '2018-09-03 00:08:30');
INSERT INTO `profiles` (`user_id`, `gender`, `birthday`, `city`, `country`, `address`, `created_at`, `updated_at`) VALUES (270, 'f', '1965-10-16', 'West Julesshire', 'Norway', '923 Rozella Highway Apt. 757\nKassulkefurt, GA 32361', '2011-01-21 15:59:35', '2019-10-08 11:19:40');
INSERT INTO `profiles` (`user_id`, `gender`, `birthday`, `city`, `country`, `address`, `created_at`, `updated_at`) VALUES (271, 'f', '2001-02-21', 'South Reinaport', 'Guatemala', '53387 Konopelski Unions\nEast Ardellaside, MT 71197', '1992-05-19 21:46:13', '2019-11-18 05:24:27');
INSERT INTO `profiles` (`user_id`, `gender`, `birthday`, `city`, `country`, `address`, `created_at`, `updated_at`) VALUES (272, 'f', '1987-02-16', 'North Hunter', 'Sweden', '2488 Ciara Path Suite 272\nNew Jaron, SD 70311-8626', '2017-01-30 12:56:19', '2019-09-29 15:41:06');
INSERT INTO `profiles` (`user_id`, `gender`, `birthday`, `city`, `country`, `address`, `created_at`, `updated_at`) VALUES (273, 'm', '1964-07-04', 'Rueckerfurt', 'Mauritania', '599 Mueller Court\nMullerview, LA 37602-8814', '2003-02-28 17:19:25', '2020-08-06 02:42:49');
INSERT INTO `profiles` (`user_id`, `gender`, `birthday`, `city`, `country`, `address`, `created_at`, `updated_at`) VALUES (274, 'm', '1944-10-16', 'Hammesville', 'San Marino', '411 Freida Lake\nNew Sonyafort, ID 16579-1368', '2002-06-27 07:42:49', '2019-07-04 12:19:32');
INSERT INTO `profiles` (`user_id`, `gender`, `birthday`, `city`, `country`, `address`, `created_at`, `updated_at`) VALUES (275, 'm', '1984-07-30', 'Runolfsdottirfort', 'Romania', '966 Rath Crescent\nEast Litzybury, MO 43788', '2014-03-24 19:53:38', '2019-01-28 02:12:17');
INSERT INTO `profiles` (`user_id`, `gender`, `birthday`, `city`, `country`, `address`, `created_at`, `updated_at`) VALUES (276, 'm', '1973-03-24', 'West Deshawn', 'Switzerland', '405 Runolfsdottir Estate\nLangshire, SD 74011-0458', '1996-01-14 08:17:18', '2020-03-03 01:11:13');
INSERT INTO `profiles` (`user_id`, `gender`, `birthday`, `city`, `country`, `address`, `created_at`, `updated_at`) VALUES (277, 'm', '1959-02-04', 'Lake Laurence', 'British Virgin Islands', '003 Kade Hill\nCarloview, NJ 24940-7157', '2007-08-11 02:35:42', '2020-04-28 19:18:10');
INSERT INTO `profiles` (`user_id`, `gender`, `birthday`, `city`, `country`, `address`, `created_at`, `updated_at`) VALUES (278, 'f', '1949-05-24', 'Johnpaulmouth', 'French Guiana', '4702 Reilly Groves\nNew Estherville, AK 46981', '2013-04-15 07:22:12', '2019-07-31 10:34:04');
INSERT INTO `profiles` (`user_id`, `gender`, `birthday`, `city`, `country`, `address`, `created_at`, `updated_at`) VALUES (279, 'm', '1956-04-06', 'Lake Rachaelfurt', 'Thailand', '248 Shields Mission\nMichellechester, NV 73741-0167', '1997-05-28 18:26:16', '2019-09-07 22:06:00');
INSERT INTO `profiles` (`user_id`, `gender`, `birthday`, `city`, `country`, `address`, `created_at`, `updated_at`) VALUES (280, 'm', '1948-06-17', 'East Dedrick', 'Solomon Islands', '527 Isabell Plains\nBlickland, NY 55279-3444', '1991-10-06 18:22:48', '2019-09-19 00:15:26');
INSERT INTO `profiles` (`user_id`, `gender`, `birthday`, `city`, `country`, `address`, `created_at`, `updated_at`) VALUES (281, 'f', '1937-12-11', 'North Melbafurt', 'Papua New Guinea', '0349 Beaulah Place Apt. 187\nLake Alvina, OR 26815', '2004-06-11 22:50:17', '2019-11-28 02:18:12');
INSERT INTO `profiles` (`user_id`, `gender`, `birthday`, `city`, `country`, `address`, `created_at`, `updated_at`) VALUES (282, 'm', '1984-05-06', 'Kendrickborough', 'Western Sahara', '252 Jarret Spurs\nObieville, GA 88182-0891', '2015-06-29 11:20:28', '2020-05-15 13:26:03');
INSERT INTO `profiles` (`user_id`, `gender`, `birthday`, `city`, `country`, `address`, `created_at`, `updated_at`) VALUES (283, 'f', '1943-06-28', 'Sheilaview', 'Samoa', '2227 Kianna Junctions Suite 359\nKinghaven, VT 58478', '1992-07-04 04:47:04', '2020-04-02 22:12:52');
INSERT INTO `profiles` (`user_id`, `gender`, `birthday`, `city`, `country`, `address`, `created_at`, `updated_at`) VALUES (284, 'm', '1972-12-01', 'West Liamouth', 'Slovenia', '45977 Goodwin Plaza\nWest Minnie, WI 07566-7792', '2005-07-08 14:04:54', '2018-10-12 01:42:39');
INSERT INTO `profiles` (`user_id`, `gender`, `birthday`, `city`, `country`, `address`, `created_at`, `updated_at`) VALUES (285, 'f', '1999-10-31', 'Genesisburgh', 'Ecuador', '928 Reinger Lights Suite 878\nEast Rosanna, AK 34507-6933', '2015-02-18 06:48:03', '2019-03-18 23:51:27');
INSERT INTO `profiles` (`user_id`, `gender`, `birthday`, `city`, `country`, `address`, `created_at`, `updated_at`) VALUES (286, 'f', '1961-03-22', 'Theodoreborough', 'Venezuela', '28530 Kirsten Park Apt. 679\nLake Idellmouth, NH 71223-7740', '2013-07-31 06:37:53', '2020-04-02 07:19:30');
INSERT INTO `profiles` (`user_id`, `gender`, `birthday`, `city`, `country`, `address`, `created_at`, `updated_at`) VALUES (287, 'm', '1979-02-07', 'East Ramon', 'Suriname', '025 Gail Street Suite 544\nGoyettefurt, NV 77825', '2002-12-26 15:34:52', '2019-06-27 17:34:20');
INSERT INTO `profiles` (`user_id`, `gender`, `birthday`, `city`, `country`, `address`, `created_at`, `updated_at`) VALUES (288, 'f', '1995-07-24', 'Karlishire', 'Sri Lanka', '02519 Erdman Mission Suite 975\nWest Carlieshire, AL 37895', '2000-07-03 06:27:32', '2019-01-29 21:03:10');
INSERT INTO `profiles` (`user_id`, `gender`, `birthday`, `city`, `country`, `address`, `created_at`, `updated_at`) VALUES (289, 'm', '1987-08-08', 'Connburgh', 'Liberia', '931 Kohler Valleys\nWest Madieshire, WI 71325', '2003-11-27 05:33:19', '2018-11-23 11:21:26');
INSERT INTO `profiles` (`user_id`, `gender`, `birthday`, `city`, `country`, `address`, `created_at`, `updated_at`) VALUES (290, 'f', '1931-03-26', 'Vaughnbury', 'Algeria', '705 Jazlyn Fork Suite 692\nSylviafurt, VA 02841', '2004-06-19 00:44:10', '2020-02-20 11:27:29');
INSERT INTO `profiles` (`user_id`, `gender`, `birthday`, `city`, `country`, `address`, `created_at`, `updated_at`) VALUES (291, 'm', '1935-09-22', 'East Kaleb', 'Serbia', '9683 Oral Mills Apt. 716\nWest Mathewberg, OH 89173', '2002-11-08 22:17:44', '2018-11-10 20:41:01');
INSERT INTO `profiles` (`user_id`, `gender`, `birthday`, `city`, `country`, `address`, `created_at`, `updated_at`) VALUES (292, 'm', '1978-10-25', 'East Eldonborough', 'Gambia', '6196 Greenfelder Grove\nSanfordfurt, MS 88417', '2003-01-10 16:49:12', '2019-12-06 06:15:24');
INSERT INTO `profiles` (`user_id`, `gender`, `birthday`, `city`, `country`, `address`, `created_at`, `updated_at`) VALUES (293, 'f', '1991-11-14', 'Lilianaville', 'Greece', '55352 Feest Manors Apt. 088\nNew Etha, VA 45805', '1993-12-20 02:46:05', '2019-10-29 22:14:27');
INSERT INTO `profiles` (`user_id`, `gender`, `birthday`, `city`, `country`, `address`, `created_at`, `updated_at`) VALUES (294, 'f', '2001-06-14', 'Lake Amberburgh', 'South Georgia and the South Sandwich Islands', '29436 Keara Forest\nIgnatiushaven, DE 71122-5401', '1991-04-16 03:15:50', '2019-06-25 10:55:07');
INSERT INTO `profiles` (`user_id`, `gender`, `birthday`, `city`, `country`, `address`, `created_at`, `updated_at`) VALUES (295, 'm', '1985-01-31', 'East Dixiefurt', 'South Georgia and the South Sandwich Islands', '75120 Schoen Terrace\nCassidyview, WA 65133-7892', '2015-02-12 17:52:45', '2019-09-28 06:09:27');
INSERT INTO `profiles` (`user_id`, `gender`, `birthday`, `city`, `country`, `address`, `created_at`, `updated_at`) VALUES (296, 'm', '1936-10-29', 'West Israel', 'Aruba', '57782 Auer Plaza\nSouth Gwendolynfurt, MD 89510-3747', '2008-10-24 19:59:16', '2020-05-27 07:00:47');
INSERT INTO `profiles` (`user_id`, `gender`, `birthday`, `city`, `country`, `address`, `created_at`, `updated_at`) VALUES (297, 'f', '1992-08-19', 'Griffinburgh', 'French Guiana', '115 Maybelle Isle Apt. 569\nNicholaushaven, SD 45700', '1992-01-14 15:16:02', '2019-11-01 01:26:34');
INSERT INTO `profiles` (`user_id`, `gender`, `birthday`, `city`, `country`, `address`, `created_at`, `updated_at`) VALUES (298, 'm', '2001-11-06', 'Gerholdville', 'Korea', '91295 Wyman Vista Suite 932\nLake Lylabury, IL 59771-1304', '2012-03-13 04:59:49', '2019-08-24 23:17:13');
INSERT INTO `profiles` (`user_id`, `gender`, `birthday`, `city`, `country`, `address`, `created_at`, `updated_at`) VALUES (299, 'm', '1950-10-12', 'Ruthland', 'Saint Martin', '37931 Amber Parkway Apt. 276\nEast Ettie, VT 78728', '1993-06-04 08:43:18', '2019-06-12 19:39:07');
INSERT INTO `profiles` (`user_id`, `gender`, `birthday`, `city`, `country`, `address`, `created_at`, `updated_at`) VALUES (300, 'f', '1971-11-30', 'Dashawnland', 'British Indian Ocean Territory (Chagos Archipelago)', '76562 Carmel Corners Apt. 161\nKatelinhaven, AL 71412-8417', '2014-06-05 11:50:34', '2020-03-07 04:15:09');


#
# TABLE STRUCTURE FOR: taxes
#

DROP TABLE IF EXISTS `taxes`;

CREATE TABLE `taxes` (
  `user_id` int(10) unsigned NOT NULL COMMENT 'Ссылка на пользователя',
  `total_taxes` int(12) NOT NULL COMMENT 'Итого налог',
  PRIMARY KEY (`user_id`)
) ENGINE=InnoDB DEFAULT CHARSET=utf8 COLLATE=utf8_unicode_ci COMMENT='Налоги';

INSERT INTO `taxes` (`user_id`, `total_taxes`) VALUES (1, 0);
INSERT INTO `taxes` (`user_id`, `total_taxes`) VALUES (2, 0);
INSERT INTO `taxes` (`user_id`, `total_taxes`) VALUES (3, 0);
INSERT INTO `taxes` (`user_id`, `total_taxes`) VALUES (4, 0);
INSERT INTO `taxes` (`user_id`, `total_taxes`) VALUES (5, 0);
INSERT INTO `taxes` (`user_id`, `total_taxes`) VALUES (6, 0);
INSERT INTO `taxes` (`user_id`, `total_taxes`) VALUES (7, 0);
INSERT INTO `taxes` (`user_id`, `total_taxes`) VALUES (8, 0);
INSERT INTO `taxes` (`user_id`, `total_taxes`) VALUES (9, 0);
INSERT INTO `taxes` (`user_id`, `total_taxes`) VALUES (10, 0);
INSERT INTO `taxes` (`user_id`, `total_taxes`) VALUES (11, 0);
INSERT INTO `taxes` (`user_id`, `total_taxes`) VALUES (12, 0);
INSERT INTO `taxes` (`user_id`, `total_taxes`) VALUES (13, 0);
INSERT INTO `taxes` (`user_id`, `total_taxes`) VALUES (14, 0);
INSERT INTO `taxes` (`user_id`, `total_taxes`) VALUES (15, 0);
INSERT INTO `taxes` (`user_id`, `total_taxes`) VALUES (16, 0);
INSERT INTO `taxes` (`user_id`, `total_taxes`) VALUES (17, 0);
INSERT INTO `taxes` (`user_id`, `total_taxes`) VALUES (18, 0);
INSERT INTO `taxes` (`user_id`, `total_taxes`) VALUES (19, 0);
INSERT INTO `taxes` (`user_id`, `total_taxes`) VALUES (20, 0);
INSERT INTO `taxes` (`user_id`, `total_taxes`) VALUES (21, 0);
INSERT INTO `taxes` (`user_id`, `total_taxes`) VALUES (22, 0);
INSERT INTO `taxes` (`user_id`, `total_taxes`) VALUES (23, 0);
INSERT INTO `taxes` (`user_id`, `total_taxes`) VALUES (24, 0);
INSERT INTO `taxes` (`user_id`, `total_taxes`) VALUES (25, 0);
INSERT INTO `taxes` (`user_id`, `total_taxes`) VALUES (26, 0);
INSERT INTO `taxes` (`user_id`, `total_taxes`) VALUES (27, 0);
INSERT INTO `taxes` (`user_id`, `total_taxes`) VALUES (28, 0);
INSERT INTO `taxes` (`user_id`, `total_taxes`) VALUES (29, 0);
INSERT INTO `taxes` (`user_id`, `total_taxes`) VALUES (30, 0);
INSERT INTO `taxes` (`user_id`, `total_taxes`) VALUES (31, 0);
INSERT INTO `taxes` (`user_id`, `total_taxes`) VALUES (32, 0);
INSERT INTO `taxes` (`user_id`, `total_taxes`) VALUES (33, 0);
INSERT INTO `taxes` (`user_id`, `total_taxes`) VALUES (34, 0);
INSERT INTO `taxes` (`user_id`, `total_taxes`) VALUES (35, 0);
INSERT INTO `taxes` (`user_id`, `total_taxes`) VALUES (36, 0);
INSERT INTO `taxes` (`user_id`, `total_taxes`) VALUES (37, 0);
INSERT INTO `taxes` (`user_id`, `total_taxes`) VALUES (38, 0);
INSERT INTO `taxes` (`user_id`, `total_taxes`) VALUES (39, 0);
INSERT INTO `taxes` (`user_id`, `total_taxes`) VALUES (40, 0);
INSERT INTO `taxes` (`user_id`, `total_taxes`) VALUES (41, 0);
INSERT INTO `taxes` (`user_id`, `total_taxes`) VALUES (42, 0);
INSERT INTO `taxes` (`user_id`, `total_taxes`) VALUES (43, 0);
INSERT INTO `taxes` (`user_id`, `total_taxes`) VALUES (44, 0);
INSERT INTO `taxes` (`user_id`, `total_taxes`) VALUES (45, 0);
INSERT INTO `taxes` (`user_id`, `total_taxes`) VALUES (46, 0);
INSERT INTO `taxes` (`user_id`, `total_taxes`) VALUES (47, 0);
INSERT INTO `taxes` (`user_id`, `total_taxes`) VALUES (48, 0);
INSERT INTO `taxes` (`user_id`, `total_taxes`) VALUES (49, 0);
INSERT INTO `taxes` (`user_id`, `total_taxes`) VALUES (50, 0);
INSERT INTO `taxes` (`user_id`, `total_taxes`) VALUES (51, 0);
INSERT INTO `taxes` (`user_id`, `total_taxes`) VALUES (52, 0);
INSERT INTO `taxes` (`user_id`, `total_taxes`) VALUES (53, 0);
INSERT INTO `taxes` (`user_id`, `total_taxes`) VALUES (54, 0);
INSERT INTO `taxes` (`user_id`, `total_taxes`) VALUES (55, 0);
INSERT INTO `taxes` (`user_id`, `total_taxes`) VALUES (56, 0);
INSERT INTO `taxes` (`user_id`, `total_taxes`) VALUES (57, 0);
INSERT INTO `taxes` (`user_id`, `total_taxes`) VALUES (58, 0);
INSERT INTO `taxes` (`user_id`, `total_taxes`) VALUES (59, 0);
INSERT INTO `taxes` (`user_id`, `total_taxes`) VALUES (60, 0);
INSERT INTO `taxes` (`user_id`, `total_taxes`) VALUES (61, 0);
INSERT INTO `taxes` (`user_id`, `total_taxes`) VALUES (62, 0);
INSERT INTO `taxes` (`user_id`, `total_taxes`) VALUES (63, 0);
INSERT INTO `taxes` (`user_id`, `total_taxes`) VALUES (64, 0);
INSERT INTO `taxes` (`user_id`, `total_taxes`) VALUES (65, 0);
INSERT INTO `taxes` (`user_id`, `total_taxes`) VALUES (66, 0);
INSERT INTO `taxes` (`user_id`, `total_taxes`) VALUES (67, 0);
INSERT INTO `taxes` (`user_id`, `total_taxes`) VALUES (68, 0);
INSERT INTO `taxes` (`user_id`, `total_taxes`) VALUES (69, 0);
INSERT INTO `taxes` (`user_id`, `total_taxes`) VALUES (70, 0);
INSERT INTO `taxes` (`user_id`, `total_taxes`) VALUES (71, 0);
INSERT INTO `taxes` (`user_id`, `total_taxes`) VALUES (72, 0);
INSERT INTO `taxes` (`user_id`, `total_taxes`) VALUES (73, 0);
INSERT INTO `taxes` (`user_id`, `total_taxes`) VALUES (74, 0);
INSERT INTO `taxes` (`user_id`, `total_taxes`) VALUES (75, 0);
INSERT INTO `taxes` (`user_id`, `total_taxes`) VALUES (76, 0);
INSERT INTO `taxes` (`user_id`, `total_taxes`) VALUES (77, 0);
INSERT INTO `taxes` (`user_id`, `total_taxes`) VALUES (78, 0);
INSERT INTO `taxes` (`user_id`, `total_taxes`) VALUES (79, 0);
INSERT INTO `taxes` (`user_id`, `total_taxes`) VALUES (80, 0);
INSERT INTO `taxes` (`user_id`, `total_taxes`) VALUES (81, 0);
INSERT INTO `taxes` (`user_id`, `total_taxes`) VALUES (82, 0);
INSERT INTO `taxes` (`user_id`, `total_taxes`) VALUES (83, 0);
INSERT INTO `taxes` (`user_id`, `total_taxes`) VALUES (84, 0);
INSERT INTO `taxes` (`user_id`, `total_taxes`) VALUES (85, 0);
INSERT INTO `taxes` (`user_id`, `total_taxes`) VALUES (86, 0);
INSERT INTO `taxes` (`user_id`, `total_taxes`) VALUES (87, 0);
INSERT INTO `taxes` (`user_id`, `total_taxes`) VALUES (88, 0);
INSERT INTO `taxes` (`user_id`, `total_taxes`) VALUES (89, 0);
INSERT INTO `taxes` (`user_id`, `total_taxes`) VALUES (90, 0);
INSERT INTO `taxes` (`user_id`, `total_taxes`) VALUES (91, 0);
INSERT INTO `taxes` (`user_id`, `total_taxes`) VALUES (92, 0);
INSERT INTO `taxes` (`user_id`, `total_taxes`) VALUES (93, 0);
INSERT INTO `taxes` (`user_id`, `total_taxes`) VALUES (94, 0);
INSERT INTO `taxes` (`user_id`, `total_taxes`) VALUES (95, 0);
INSERT INTO `taxes` (`user_id`, `total_taxes`) VALUES (96, 0);
INSERT INTO `taxes` (`user_id`, `total_taxes`) VALUES (97, 0);
INSERT INTO `taxes` (`user_id`, `total_taxes`) VALUES (98, 0);
INSERT INTO `taxes` (`user_id`, `total_taxes`) VALUES (99, 0);
INSERT INTO `taxes` (`user_id`, `total_taxes`) VALUES (100, 0);
INSERT INTO `taxes` (`user_id`, `total_taxes`) VALUES (101, 0);
INSERT INTO `taxes` (`user_id`, `total_taxes`) VALUES (102, 0);
INSERT INTO `taxes` (`user_id`, `total_taxes`) VALUES (103, 0);
INSERT INTO `taxes` (`user_id`, `total_taxes`) VALUES (104, 0);
INSERT INTO `taxes` (`user_id`, `total_taxes`) VALUES (105, 0);
INSERT INTO `taxes` (`user_id`, `total_taxes`) VALUES (106, 0);
INSERT INTO `taxes` (`user_id`, `total_taxes`) VALUES (107, 0);
INSERT INTO `taxes` (`user_id`, `total_taxes`) VALUES (108, 0);
INSERT INTO `taxes` (`user_id`, `total_taxes`) VALUES (109, 0);
INSERT INTO `taxes` (`user_id`, `total_taxes`) VALUES (110, 0);
INSERT INTO `taxes` (`user_id`, `total_taxes`) VALUES (111, 0);
INSERT INTO `taxes` (`user_id`, `total_taxes`) VALUES (112, 0);
INSERT INTO `taxes` (`user_id`, `total_taxes`) VALUES (113, 0);
INSERT INTO `taxes` (`user_id`, `total_taxes`) VALUES (114, 0);
INSERT INTO `taxes` (`user_id`, `total_taxes`) VALUES (115, 0);
INSERT INTO `taxes` (`user_id`, `total_taxes`) VALUES (116, 0);
INSERT INTO `taxes` (`user_id`, `total_taxes`) VALUES (117, 0);
INSERT INTO `taxes` (`user_id`, `total_taxes`) VALUES (118, 0);
INSERT INTO `taxes` (`user_id`, `total_taxes`) VALUES (119, 0);
INSERT INTO `taxes` (`user_id`, `total_taxes`) VALUES (120, 0);
INSERT INTO `taxes` (`user_id`, `total_taxes`) VALUES (121, 0);
INSERT INTO `taxes` (`user_id`, `total_taxes`) VALUES (122, 0);
INSERT INTO `taxes` (`user_id`, `total_taxes`) VALUES (123, 0);
INSERT INTO `taxes` (`user_id`, `total_taxes`) VALUES (124, 0);
INSERT INTO `taxes` (`user_id`, `total_taxes`) VALUES (125, 0);
INSERT INTO `taxes` (`user_id`, `total_taxes`) VALUES (126, 0);
INSERT INTO `taxes` (`user_id`, `total_taxes`) VALUES (127, 0);
INSERT INTO `taxes` (`user_id`, `total_taxes`) VALUES (128, 0);
INSERT INTO `taxes` (`user_id`, `total_taxes`) VALUES (129, 0);
INSERT INTO `taxes` (`user_id`, `total_taxes`) VALUES (130, 0);
INSERT INTO `taxes` (`user_id`, `total_taxes`) VALUES (131, 0);
INSERT INTO `taxes` (`user_id`, `total_taxes`) VALUES (132, 0);
INSERT INTO `taxes` (`user_id`, `total_taxes`) VALUES (133, 0);
INSERT INTO `taxes` (`user_id`, `total_taxes`) VALUES (134, 0);
INSERT INTO `taxes` (`user_id`, `total_taxes`) VALUES (135, 0);
INSERT INTO `taxes` (`user_id`, `total_taxes`) VALUES (136, 0);
INSERT INTO `taxes` (`user_id`, `total_taxes`) VALUES (137, 0);
INSERT INTO `taxes` (`user_id`, `total_taxes`) VALUES (138, 0);
INSERT INTO `taxes` (`user_id`, `total_taxes`) VALUES (139, 0);
INSERT INTO `taxes` (`user_id`, `total_taxes`) VALUES (140, 0);
INSERT INTO `taxes` (`user_id`, `total_taxes`) VALUES (141, 0);
INSERT INTO `taxes` (`user_id`, `total_taxes`) VALUES (142, 0);
INSERT INTO `taxes` (`user_id`, `total_taxes`) VALUES (143, 0);
INSERT INTO `taxes` (`user_id`, `total_taxes`) VALUES (144, 0);
INSERT INTO `taxes` (`user_id`, `total_taxes`) VALUES (145, 0);
INSERT INTO `taxes` (`user_id`, `total_taxes`) VALUES (146, 0);
INSERT INTO `taxes` (`user_id`, `total_taxes`) VALUES (147, 0);
INSERT INTO `taxes` (`user_id`, `total_taxes`) VALUES (148, 0);
INSERT INTO `taxes` (`user_id`, `total_taxes`) VALUES (149, 0);
INSERT INTO `taxes` (`user_id`, `total_taxes`) VALUES (150, 0);
INSERT INTO `taxes` (`user_id`, `total_taxes`) VALUES (151, 0);
INSERT INTO `taxes` (`user_id`, `total_taxes`) VALUES (152, 0);
INSERT INTO `taxes` (`user_id`, `total_taxes`) VALUES (153, 0);
INSERT INTO `taxes` (`user_id`, `total_taxes`) VALUES (154, 0);
INSERT INTO `taxes` (`user_id`, `total_taxes`) VALUES (155, 0);
INSERT INTO `taxes` (`user_id`, `total_taxes`) VALUES (156, 0);
INSERT INTO `taxes` (`user_id`, `total_taxes`) VALUES (157, 0);
INSERT INTO `taxes` (`user_id`, `total_taxes`) VALUES (158, 0);
INSERT INTO `taxes` (`user_id`, `total_taxes`) VALUES (159, 0);
INSERT INTO `taxes` (`user_id`, `total_taxes`) VALUES (160, 0);
INSERT INTO `taxes` (`user_id`, `total_taxes`) VALUES (161, 0);
INSERT INTO `taxes` (`user_id`, `total_taxes`) VALUES (162, 0);
INSERT INTO `taxes` (`user_id`, `total_taxes`) VALUES (163, 0);
INSERT INTO `taxes` (`user_id`, `total_taxes`) VALUES (164, 0);
INSERT INTO `taxes` (`user_id`, `total_taxes`) VALUES (165, 0);
INSERT INTO `taxes` (`user_id`, `total_taxes`) VALUES (166, 0);
INSERT INTO `taxes` (`user_id`, `total_taxes`) VALUES (167, 0);
INSERT INTO `taxes` (`user_id`, `total_taxes`) VALUES (168, 0);
INSERT INTO `taxes` (`user_id`, `total_taxes`) VALUES (169, 0);
INSERT INTO `taxes` (`user_id`, `total_taxes`) VALUES (170, 0);
INSERT INTO `taxes` (`user_id`, `total_taxes`) VALUES (171, 0);
INSERT INTO `taxes` (`user_id`, `total_taxes`) VALUES (172, 0);
INSERT INTO `taxes` (`user_id`, `total_taxes`) VALUES (173, 0);
INSERT INTO `taxes` (`user_id`, `total_taxes`) VALUES (174, 0);
INSERT INTO `taxes` (`user_id`, `total_taxes`) VALUES (175, 0);
INSERT INTO `taxes` (`user_id`, `total_taxes`) VALUES (176, 0);
INSERT INTO `taxes` (`user_id`, `total_taxes`) VALUES (177, 0);
INSERT INTO `taxes` (`user_id`, `total_taxes`) VALUES (178, 0);
INSERT INTO `taxes` (`user_id`, `total_taxes`) VALUES (179, 0);
INSERT INTO `taxes` (`user_id`, `total_taxes`) VALUES (180, 0);
INSERT INTO `taxes` (`user_id`, `total_taxes`) VALUES (181, 0);
INSERT INTO `taxes` (`user_id`, `total_taxes`) VALUES (182, 0);
INSERT INTO `taxes` (`user_id`, `total_taxes`) VALUES (183, 0);
INSERT INTO `taxes` (`user_id`, `total_taxes`) VALUES (184, 0);
INSERT INTO `taxes` (`user_id`, `total_taxes`) VALUES (185, 0);
INSERT INTO `taxes` (`user_id`, `total_taxes`) VALUES (186, 0);
INSERT INTO `taxes` (`user_id`, `total_taxes`) VALUES (187, 0);
INSERT INTO `taxes` (`user_id`, `total_taxes`) VALUES (188, 0);
INSERT INTO `taxes` (`user_id`, `total_taxes`) VALUES (189, 0);
INSERT INTO `taxes` (`user_id`, `total_taxes`) VALUES (190, 0);
INSERT INTO `taxes` (`user_id`, `total_taxes`) VALUES (191, 0);
INSERT INTO `taxes` (`user_id`, `total_taxes`) VALUES (192, 0);
INSERT INTO `taxes` (`user_id`, `total_taxes`) VALUES (193, 0);
INSERT INTO `taxes` (`user_id`, `total_taxes`) VALUES (194, 0);
INSERT INTO `taxes` (`user_id`, `total_taxes`) VALUES (195, 0);
INSERT INTO `taxes` (`user_id`, `total_taxes`) VALUES (196, 0);
INSERT INTO `taxes` (`user_id`, `total_taxes`) VALUES (197, 0);
INSERT INTO `taxes` (`user_id`, `total_taxes`) VALUES (198, 0);
INSERT INTO `taxes` (`user_id`, `total_taxes`) VALUES (199, 0);
INSERT INTO `taxes` (`user_id`, `total_taxes`) VALUES (200, 0);
INSERT INTO `taxes` (`user_id`, `total_taxes`) VALUES (201, 0);
INSERT INTO `taxes` (`user_id`, `total_taxes`) VALUES (202, 0);
INSERT INTO `taxes` (`user_id`, `total_taxes`) VALUES (203, 0);
INSERT INTO `taxes` (`user_id`, `total_taxes`) VALUES (204, 0);
INSERT INTO `taxes` (`user_id`, `total_taxes`) VALUES (205, 0);
INSERT INTO `taxes` (`user_id`, `total_taxes`) VALUES (206, 0);
INSERT INTO `taxes` (`user_id`, `total_taxes`) VALUES (207, 0);
INSERT INTO `taxes` (`user_id`, `total_taxes`) VALUES (208, 0);
INSERT INTO `taxes` (`user_id`, `total_taxes`) VALUES (209, 0);
INSERT INTO `taxes` (`user_id`, `total_taxes`) VALUES (210, 0);
INSERT INTO `taxes` (`user_id`, `total_taxes`) VALUES (211, 0);
INSERT INTO `taxes` (`user_id`, `total_taxes`) VALUES (212, 0);
INSERT INTO `taxes` (`user_id`, `total_taxes`) VALUES (213, 0);
INSERT INTO `taxes` (`user_id`, `total_taxes`) VALUES (214, 0);
INSERT INTO `taxes` (`user_id`, `total_taxes`) VALUES (215, 0);
INSERT INTO `taxes` (`user_id`, `total_taxes`) VALUES (216, 0);
INSERT INTO `taxes` (`user_id`, `total_taxes`) VALUES (217, 0);
INSERT INTO `taxes` (`user_id`, `total_taxes`) VALUES (218, 0);
INSERT INTO `taxes` (`user_id`, `total_taxes`) VALUES (219, 0);
INSERT INTO `taxes` (`user_id`, `total_taxes`) VALUES (220, 0);
INSERT INTO `taxes` (`user_id`, `total_taxes`) VALUES (221, 0);
INSERT INTO `taxes` (`user_id`, `total_taxes`) VALUES (222, 0);
INSERT INTO `taxes` (`user_id`, `total_taxes`) VALUES (223, 0);
INSERT INTO `taxes` (`user_id`, `total_taxes`) VALUES (224, 0);
INSERT INTO `taxes` (`user_id`, `total_taxes`) VALUES (225, 0);
INSERT INTO `taxes` (`user_id`, `total_taxes`) VALUES (226, 0);
INSERT INTO `taxes` (`user_id`, `total_taxes`) VALUES (227, 0);
INSERT INTO `taxes` (`user_id`, `total_taxes`) VALUES (228, 0);
INSERT INTO `taxes` (`user_id`, `total_taxes`) VALUES (229, 0);
INSERT INTO `taxes` (`user_id`, `total_taxes`) VALUES (230, 0);
INSERT INTO `taxes` (`user_id`, `total_taxes`) VALUES (231, 0);
INSERT INTO `taxes` (`user_id`, `total_taxes`) VALUES (232, 0);
INSERT INTO `taxes` (`user_id`, `total_taxes`) VALUES (233, 0);
INSERT INTO `taxes` (`user_id`, `total_taxes`) VALUES (234, 0);
INSERT INTO `taxes` (`user_id`, `total_taxes`) VALUES (235, 0);
INSERT INTO `taxes` (`user_id`, `total_taxes`) VALUES (236, 0);
INSERT INTO `taxes` (`user_id`, `total_taxes`) VALUES (237, 0);
INSERT INTO `taxes` (`user_id`, `total_taxes`) VALUES (238, 0);
INSERT INTO `taxes` (`user_id`, `total_taxes`) VALUES (239, 0);
INSERT INTO `taxes` (`user_id`, `total_taxes`) VALUES (240, 0);
INSERT INTO `taxes` (`user_id`, `total_taxes`) VALUES (241, 0);
INSERT INTO `taxes` (`user_id`, `total_taxes`) VALUES (242, 0);
INSERT INTO `taxes` (`user_id`, `total_taxes`) VALUES (243, 0);
INSERT INTO `taxes` (`user_id`, `total_taxes`) VALUES (244, 0);
INSERT INTO `taxes` (`user_id`, `total_taxes`) VALUES (245, 0);
INSERT INTO `taxes` (`user_id`, `total_taxes`) VALUES (246, 0);
INSERT INTO `taxes` (`user_id`, `total_taxes`) VALUES (247, 0);
INSERT INTO `taxes` (`user_id`, `total_taxes`) VALUES (248, 0);
INSERT INTO `taxes` (`user_id`, `total_taxes`) VALUES (249, 0);
INSERT INTO `taxes` (`user_id`, `total_taxes`) VALUES (250, 0);
INSERT INTO `taxes` (`user_id`, `total_taxes`) VALUES (251, 0);
INSERT INTO `taxes` (`user_id`, `total_taxes`) VALUES (252, 0);
INSERT INTO `taxes` (`user_id`, `total_taxes`) VALUES (253, 0);
INSERT INTO `taxes` (`user_id`, `total_taxes`) VALUES (254, 0);
INSERT INTO `taxes` (`user_id`, `total_taxes`) VALUES (255, 0);
INSERT INTO `taxes` (`user_id`, `total_taxes`) VALUES (256, 0);
INSERT INTO `taxes` (`user_id`, `total_taxes`) VALUES (257, 0);
INSERT INTO `taxes` (`user_id`, `total_taxes`) VALUES (258, 0);
INSERT INTO `taxes` (`user_id`, `total_taxes`) VALUES (259, 0);
INSERT INTO `taxes` (`user_id`, `total_taxes`) VALUES (260, 0);
INSERT INTO `taxes` (`user_id`, `total_taxes`) VALUES (261, 0);
INSERT INTO `taxes` (`user_id`, `total_taxes`) VALUES (262, 0);
INSERT INTO `taxes` (`user_id`, `total_taxes`) VALUES (263, 0);
INSERT INTO `taxes` (`user_id`, `total_taxes`) VALUES (264, 0);
INSERT INTO `taxes` (`user_id`, `total_taxes`) VALUES (265, 0);
INSERT INTO `taxes` (`user_id`, `total_taxes`) VALUES (266, 0);
INSERT INTO `taxes` (`user_id`, `total_taxes`) VALUES (267, 0);
INSERT INTO `taxes` (`user_id`, `total_taxes`) VALUES (268, 0);
INSERT INTO `taxes` (`user_id`, `total_taxes`) VALUES (269, 0);
INSERT INTO `taxes` (`user_id`, `total_taxes`) VALUES (270, 0);
INSERT INTO `taxes` (`user_id`, `total_taxes`) VALUES (271, 0);
INSERT INTO `taxes` (`user_id`, `total_taxes`) VALUES (272, 0);
INSERT INTO `taxes` (`user_id`, `total_taxes`) VALUES (273, 0);
INSERT INTO `taxes` (`user_id`, `total_taxes`) VALUES (274, 0);
INSERT INTO `taxes` (`user_id`, `total_taxes`) VALUES (275, 0);
INSERT INTO `taxes` (`user_id`, `total_taxes`) VALUES (276, 0);
INSERT INTO `taxes` (`user_id`, `total_taxes`) VALUES (277, 0);
INSERT INTO `taxes` (`user_id`, `total_taxes`) VALUES (278, 0);
INSERT INTO `taxes` (`user_id`, `total_taxes`) VALUES (279, 0);
INSERT INTO `taxes` (`user_id`, `total_taxes`) VALUES (280, 0);
INSERT INTO `taxes` (`user_id`, `total_taxes`) VALUES (281, 0);
INSERT INTO `taxes` (`user_id`, `total_taxes`) VALUES (282, 0);
INSERT INTO `taxes` (`user_id`, `total_taxes`) VALUES (283, 0);
INSERT INTO `taxes` (`user_id`, `total_taxes`) VALUES (284, 0);
INSERT INTO `taxes` (`user_id`, `total_taxes`) VALUES (285, 0);
INSERT INTO `taxes` (`user_id`, `total_taxes`) VALUES (286, 0);
INSERT INTO `taxes` (`user_id`, `total_taxes`) VALUES (287, 0);
INSERT INTO `taxes` (`user_id`, `total_taxes`) VALUES (288, 0);
INSERT INTO `taxes` (`user_id`, `total_taxes`) VALUES (289, 0);
INSERT INTO `taxes` (`user_id`, `total_taxes`) VALUES (290, 0);
INSERT INTO `taxes` (`user_id`, `total_taxes`) VALUES (291, 0);
INSERT INTO `taxes` (`user_id`, `total_taxes`) VALUES (292, 0);
INSERT INTO `taxes` (`user_id`, `total_taxes`) VALUES (293, 0);
INSERT INTO `taxes` (`user_id`, `total_taxes`) VALUES (294, 0);
INSERT INTO `taxes` (`user_id`, `total_taxes`) VALUES (295, 0);
INSERT INTO `taxes` (`user_id`, `total_taxes`) VALUES (296, 0);
INSERT INTO `taxes` (`user_id`, `total_taxes`) VALUES (297, 0);
INSERT INTO `taxes` (`user_id`, `total_taxes`) VALUES (298, 0);
INSERT INTO `taxes` (`user_id`, `total_taxes`) VALUES (299, 0);
INSERT INTO `taxes` (`user_id`, `total_taxes`) VALUES (300, 0);


#
# TABLE STRUCTURE FOR: users
#

DROP TABLE IF EXISTS `users`;

CREATE TABLE `users` (
  `id` int(20) unsigned NOT NULL AUTO_INCREMENT COMMENT 'Идентификатор строки',
  `taxpayer_number` bigint(200) NOT NULL COMMENT 'ИНН',
  `first_name` varchar(100) COLLATE utf8_unicode_ci NOT NULL COMMENT 'Имя пользователя',
  `last_name` varchar(100) COLLATE utf8_unicode_ci NOT NULL COMMENT 'Фамилия пользователя',
  `email` varchar(100) COLLATE utf8_unicode_ci NOT NULL COMMENT 'Почта',
  `phone` varchar(100) COLLATE utf8_unicode_ci NOT NULL COMMENT 'Телефон',
  `created_at` datetime DEFAULT current_timestamp() COMMENT 'Время создания строки',
  `updated_at` datetime DEFAULT current_timestamp() ON UPDATE current_timestamp() COMMENT 'Время обновления строки',
  PRIMARY KEY (`id`),
  UNIQUE KEY `email` (`email`),
  UNIQUE KEY `phone` (`phone`),
  UNIQUE KEY `taxpayer_number` (`taxpayer_number`)
) ENGINE=InnoDB AUTO_INCREMENT=301 DEFAULT CHARSET=utf8 COLLATE=utf8_unicode_ci COMMENT='Пользователи';

INSERT INTO `users` (`id`, `taxpayer_number`, `first_name`, `last_name`, `email`, `phone`, `created_at`, `updated_at`) VALUES (1, '5319287398084', 'Nash', 'Skiles', 'hermann.dorothy@example.com', '(508)007-1841x54944', '2010-05-29 00:46:43', '2020-06-12 04:43:37');
INSERT INTO `users` (`id`, `taxpayer_number`, `first_name`, `last_name`, `email`, `phone`, `created_at`, `updated_at`) VALUES (2, '1579552624933', 'Kelsi', 'Toy', 'emmett91@example.net', '1-416-198-3994x503', '2009-05-24 03:33:33', '2020-02-13 11:22:30');
INSERT INTO `users` (`id`, `taxpayer_number`, `first_name`, `last_name`, `email`, `phone`, `created_at`, `updated_at`) VALUES (3, '7000186608266', 'Matilda', 'Mraz', 'jeffrey30@example.org', '666-961-3550x97627', '2007-06-18 06:59:46', '2019-03-19 22:03:41');
INSERT INTO `users` (`id`, `taxpayer_number`, `first_name`, `last_name`, `email`, `phone`, `created_at`, `updated_at`) VALUES (4, '6450707848323', 'Haleigh', 'Macejkovic', 'fanderson@example.net', '860.511.4363x55337', '1997-05-15 21:40:35', '2018-12-10 14:56:59');
INSERT INTO `users` (`id`, `taxpayer_number`, `first_name`, `last_name`, `email`, `phone`, `created_at`, `updated_at`) VALUES (5, '8044856190029', 'Alize', 'Block', 'white.doris@example.org', '+19(3)4983454752', '2011-03-07 11:49:56', '2018-12-28 03:45:29');
INSERT INTO `users` (`id`, `taxpayer_number`, `first_name`, `last_name`, `email`, `phone`, `created_at`, `updated_at`) VALUES (6, '9581021009571', 'Carmine', 'Moore', 'veum.joaquin@example.net', '(273)912-0047', '2002-08-25 17:29:30', '2019-03-30 00:38:31');
INSERT INTO `users` (`id`, `taxpayer_number`, `first_name`, `last_name`, `email`, `phone`, `created_at`, `updated_at`) VALUES (7, '4393285799445', 'Neva', 'Volkman', 'herminio.koch@example.com', '04053186314', '2016-01-10 10:08:21', '2019-03-10 14:32:47');
INSERT INTO `users` (`id`, `taxpayer_number`, `first_name`, `last_name`, `email`, `phone`, `created_at`, `updated_at`) VALUES (8, '6029690940631', 'Blanche', 'Rempel', 'ettie66@example.org', '1-540-197-0342x113', '2009-06-25 19:19:32', '2019-06-17 09:44:25');
INSERT INTO `users` (`id`, `taxpayer_number`, `first_name`, `last_name`, `email`, `phone`, `created_at`, `updated_at`) VALUES (9, '1345819917321', 'Jefferey', 'Toy', 'schaefer.lyda@example.net', '+43(7)2718576924', '2016-06-23 23:56:11', '2019-10-13 16:33:35');
INSERT INTO `users` (`id`, `taxpayer_number`, `first_name`, `last_name`, `email`, `phone`, `created_at`, `updated_at`) VALUES (10, '5570321730989', 'Teresa', 'Denesik', 'marietta99@example.com', '707-509-4430', '2013-07-27 08:21:08', '2018-11-09 07:15:37');
INSERT INTO `users` (`id`, `taxpayer_number`, `first_name`, `last_name`, `email`, `phone`, `created_at`, `updated_at`) VALUES (11, '4443683134717', 'Maud', 'Kreiger', 'brandt.daugherty@example.net', '+44(7)8836294676', '1992-08-11 10:12:51', '2018-10-03 04:11:40');
INSERT INTO `users` (`id`, `taxpayer_number`, `first_name`, `last_name`, `email`, `phone`, `created_at`, `updated_at`) VALUES (12, '7553755157347', 'Ronny', 'Fritsch', 'macejkovic.billie@example.org', '724.814.6477', '2005-03-12 20:14:59', '2020-04-03 13:48:33');
INSERT INTO `users` (`id`, `taxpayer_number`, `first_name`, `last_name`, `email`, `phone`, `created_at`, `updated_at`) VALUES (13, '5879040103591', 'Cortney', 'Turcotte', 'oberbrunner.hilma@example.com', '(222)349-8448x9073', '1996-01-06 03:46:27', '2020-02-25 20:12:43');
INSERT INTO `users` (`id`, `taxpayer_number`, `first_name`, `last_name`, `email`, `phone`, `created_at`, `updated_at`) VALUES (14, '1028039695695', 'Sim', 'Von', 'kferry@example.com', '1-498-299-5270x357', '2008-09-09 10:54:57', '2019-04-06 19:21:18');
INSERT INTO `users` (`id`, `taxpayer_number`, `first_name`, `last_name`, `email`, `phone`, `created_at`, `updated_at`) VALUES (15, '4601348973857', 'Joyce', 'Champlin', 'wilkinson.andreanne@example.net', '527-722-0565x113', '2010-01-26 22:14:42', '2019-02-09 00:48:57');
INSERT INTO `users` (`id`, `taxpayer_number`, `first_name`, `last_name`, `email`, `phone`, `created_at`, `updated_at`) VALUES (16, '9141136033413', 'Paula', 'Wilkinson', 'quigley.emerson@example.org', '1-937-325-2032x72074', '2012-11-12 06:43:46', '2019-09-12 00:00:47');
INSERT INTO `users` (`id`, `taxpayer_number`, `first_name`, `last_name`, `email`, `phone`, `created_at`, `updated_at`) VALUES (17, '586713766446', 'Ramona', 'Weimann', 'liza50@example.org', '091.433.9815', '2000-05-11 08:37:08', '2018-09-01 01:08:07');
INSERT INTO `users` (`id`, `taxpayer_number`, `first_name`, `last_name`, `email`, `phone`, `created_at`, `updated_at`) VALUES (18, '5518357934104', 'Ethan', 'Kuphal', 'daniel.hulda@example.com', '06769518955', '2002-02-08 22:15:26', '2019-04-10 01:17:07');
INSERT INTO `users` (`id`, `taxpayer_number`, `first_name`, `last_name`, `email`, `phone`, `created_at`, `updated_at`) VALUES (19, '8826902518980', 'Leanna', 'Shields', 'acorkery@example.org', '064-669-5745x493', '1990-08-13 15:59:17', '2019-07-08 04:35:14');
INSERT INTO `users` (`id`, `taxpayer_number`, `first_name`, `last_name`, `email`, `phone`, `created_at`, `updated_at`) VALUES (20, '850936244474', 'Soledad', 'Balistreri', 'conor.bernier@example.org', '04605772481', '2015-03-05 09:57:35', '2019-05-23 23:47:02');
INSERT INTO `users` (`id`, `taxpayer_number`, `first_name`, `last_name`, `email`, `phone`, `created_at`, `updated_at`) VALUES (21, '1086029455251', 'Frances', 'Torphy', 'quigley.mabel@example.net', '207.683.7596x308', '2004-11-23 09:05:33', '2019-03-06 20:21:32');
INSERT INTO `users` (`id`, `taxpayer_number`, `first_name`, `last_name`, `email`, `phone`, `created_at`, `updated_at`) VALUES (22, '5779034414887', 'Alessandro', 'Olson', 'marcellus35@example.org', '(389)238-8298x91808', '1997-12-17 17:15:39', '2019-04-23 12:01:21');
INSERT INTO `users` (`id`, `taxpayer_number`, `first_name`, `last_name`, `email`, `phone`, `created_at`, `updated_at`) VALUES (23, '3153231967240', 'Kariane', 'Runolfsson', 'rogers76@example.com', '287.878.8386', '1992-01-29 19:00:16', '2019-05-27 19:31:50');
INSERT INTO `users` (`id`, `taxpayer_number`, `first_name`, `last_name`, `email`, `phone`, `created_at`, `updated_at`) VALUES (24, '5685899415379', 'Loy', 'Koelpin', 'armando82@example.com', '1-262-692-9918x894', '2005-02-28 02:48:26', '2019-09-26 09:08:21');
INSERT INTO `users` (`id`, `taxpayer_number`, `first_name`, `last_name`, `email`, `phone`, `created_at`, `updated_at`) VALUES (25, '7307720332546', 'Enrico', 'Hirthe', 'jast.trevion@example.net', '(631)206-9438x240', '1998-05-12 00:38:37', '2019-05-18 21:04:23');
INSERT INTO `users` (`id`, `taxpayer_number`, `first_name`, `last_name`, `email`, `phone`, `created_at`, `updated_at`) VALUES (26, '3495069385878', 'Jason', 'Fadel', 'feeney.nat@example.org', '06370988486', '1990-08-25 09:28:03', '2019-03-29 21:10:56');
INSERT INTO `users` (`id`, `taxpayer_number`, `first_name`, `last_name`, `email`, `phone`, `created_at`, `updated_at`) VALUES (27, '7976884388457', 'Alice', 'Heaney', 'gilbert76@example.com', '00076771776', '1999-02-28 07:12:39', '2019-10-16 21:28:11');
INSERT INTO `users` (`id`, `taxpayer_number`, `first_name`, `last_name`, `email`, `phone`, `created_at`, `updated_at`) VALUES (28, '412895674258', 'Lonzo', 'Zboncak', 'rutherford.gaetano@example.org', '661-370-5216x3672', '2010-06-20 16:18:15', '2018-11-21 09:01:30');
INSERT INTO `users` (`id`, `taxpayer_number`, `first_name`, `last_name`, `email`, `phone`, `created_at`, `updated_at`) VALUES (29, '723639438627', 'Steve', 'Gerlach', 'norene42@example.com', '1-604-404-2395x63166', '2010-12-01 04:41:26', '2019-11-17 15:36:20');
INSERT INTO `users` (`id`, `taxpayer_number`, `first_name`, `last_name`, `email`, `phone`, `created_at`, `updated_at`) VALUES (30, '1241049500973', 'Kathryn', 'Heaney', 'mann.kennith@example.org', '(294)706-9424', '2002-05-30 21:54:46', '2019-03-07 15:07:12');
INSERT INTO `users` (`id`, `taxpayer_number`, `first_name`, `last_name`, `email`, `phone`, `created_at`, `updated_at`) VALUES (31, '9313663704367', 'Efren', 'Muller', 'dedric.bauch@example.net', '1-249-391-9163', '1997-03-21 14:00:31', '2020-05-19 22:18:06');
INSERT INTO `users` (`id`, `taxpayer_number`, `first_name`, `last_name`, `email`, `phone`, `created_at`, `updated_at`) VALUES (32, '3852042450057', 'Glenna', 'Wolff', 'odibbert@example.org', '+45(7)3356183602', '1991-05-09 06:33:10', '2019-01-19 12:51:29');
INSERT INTO `users` (`id`, `taxpayer_number`, `first_name`, `last_name`, `email`, `phone`, `created_at`, `updated_at`) VALUES (33, '3008130497019', 'Freeman', 'Gleichner', 'herminio88@example.net', '(102)167-7036', '2002-01-24 05:23:06', '2020-04-08 17:50:23');
INSERT INTO `users` (`id`, `taxpayer_number`, `first_name`, `last_name`, `email`, `phone`, `created_at`, `updated_at`) VALUES (34, '9216854944778', 'Fay', 'Jast', 'clint.grady@example.com', '(890)180-2070', '1993-10-28 08:48:48', '2019-11-11 15:01:33');
INSERT INTO `users` (`id`, `taxpayer_number`, `first_name`, `last_name`, `email`, `phone`, `created_at`, `updated_at`) VALUES (35, '5515448146359', 'Alda', 'Zieme', 'hauck.antonetta@example.com', '+91(7)3153086042', '2007-04-16 16:26:02', '2018-11-27 00:05:00');
INSERT INTO `users` (`id`, `taxpayer_number`, `first_name`, `last_name`, `email`, `phone`, `created_at`, `updated_at`) VALUES (36, '6802359341923', 'Alphonso', 'Schaden', 'donnelly.marianne@example.com', '09468313479', '2013-06-01 21:35:30', '2019-07-11 16:37:18');
INSERT INTO `users` (`id`, `taxpayer_number`, `first_name`, `last_name`, `email`, `phone`, `created_at`, `updated_at`) VALUES (37, '5520322496304', 'Margarette', 'Boyer', 'sydni.botsford@example.org', '532-663-8112', '2000-01-12 01:45:17', '2019-10-16 16:47:09');
INSERT INTO `users` (`id`, `taxpayer_number`, `first_name`, `last_name`, `email`, `phone`, `created_at`, `updated_at`) VALUES (38, '2652562874741', 'Russel', 'Roob', 'wuckert.gertrude@example.com', '+37(2)8028227742', '2001-06-28 01:06:03', '2019-03-08 04:45:00');
INSERT INTO `users` (`id`, `taxpayer_number`, `first_name`, `last_name`, `email`, `phone`, `created_at`, `updated_at`) VALUES (39, '2976634533191', 'Sheila', 'Monahan', 'champlin.declan@example.com', '847-460-0927x96529', '2005-02-08 17:38:01', '2020-05-30 08:28:01');
INSERT INTO `users` (`id`, `taxpayer_number`, `first_name`, `last_name`, `email`, `phone`, `created_at`, `updated_at`) VALUES (40, '4080136632546', 'Liliana', 'Pouros', 'nerdman@example.com', '428.271.3886x2126', '2000-12-04 10:12:07', '2020-05-25 12:28:17');
INSERT INTO `users` (`id`, `taxpayer_number`, `first_name`, `last_name`, `email`, `phone`, `created_at`, `updated_at`) VALUES (41, '1602175106247', 'Rosella', 'Wehner', 'manuel.jones@example.org', '948-999-2533x190', '1992-04-16 03:38:51', '2019-02-06 02:51:55');
INSERT INTO `users` (`id`, `taxpayer_number`, `first_name`, `last_name`, `email`, `phone`, `created_at`, `updated_at`) VALUES (42, '5621652356395', 'Pierce', 'Pollich', 'daugherty.matilde@example.com', '022.092.6327x3169', '1997-07-22 02:43:37', '2019-05-11 17:10:14');
INSERT INTO `users` (`id`, `taxpayer_number`, `first_name`, `last_name`, `email`, `phone`, `created_at`, `updated_at`) VALUES (43, '2878795206872', 'Rogelio', 'Berge', 'grimes.cassandre@example.net', '975-896-0614x75683', '2016-09-28 19:39:42', '2019-03-15 20:53:28');
INSERT INTO `users` (`id`, `taxpayer_number`, `first_name`, `last_name`, `email`, `phone`, `created_at`, `updated_at`) VALUES (44, '1292101942328', 'Madelynn', 'Metz', 'cordie88@example.com', '07850601283', '2010-02-25 22:26:52', '2019-05-14 20:35:47');
INSERT INTO `users` (`id`, `taxpayer_number`, `first_name`, `last_name`, `email`, `phone`, `created_at`, `updated_at`) VALUES (45, '3099473428446', 'Russell', 'McGlynn', 'hilll.chris@example.com', '1-132-865-4291x483', '1997-05-10 04:08:50', '2019-05-30 10:04:50');
INSERT INTO `users` (`id`, `taxpayer_number`, `first_name`, `last_name`, `email`, `phone`, `created_at`, `updated_at`) VALUES (46, '6393716085515', 'Casper', 'Prosacco', 'claude90@example.net', '(213)148-8722x978', '2002-03-15 03:12:31', '2020-03-27 21:29:27');
INSERT INTO `users` (`id`, `taxpayer_number`, `first_name`, `last_name`, `email`, `phone`, `created_at`, `updated_at`) VALUES (47, '765715436683', 'Declan', 'Denesik', 'botsford.isom@example.net', '087-347-1909x285', '2005-03-23 13:44:05', '2019-11-06 06:33:28');
INSERT INTO `users` (`id`, `taxpayer_number`, `first_name`, `last_name`, `email`, `phone`, `created_at`, `updated_at`) VALUES (48, '6535252071823', 'Janis', 'Hegmann', 'fdickens@example.net', '(450)422-7765', '1992-03-22 14:56:52', '2018-09-25 21:16:40');
INSERT INTO `users` (`id`, `taxpayer_number`, `first_name`, `last_name`, `email`, `phone`, `created_at`, `updated_at`) VALUES (49, '862244979571', 'Webster', 'Renner', 'jan.gottlieb@example.org', '1-692-449-3372x556', '2016-11-05 02:40:45', '2019-12-02 02:14:15');
INSERT INTO `users` (`id`, `taxpayer_number`, `first_name`, `last_name`, `email`, `phone`, `created_at`, `updated_at`) VALUES (50, '8011327638151', 'Lourdes', 'Hilll', 'von.alfreda@example.com', '042.305.2253x10730', '1995-03-21 18:53:44', '2019-05-20 02:46:35');
INSERT INTO `users` (`id`, `taxpayer_number`, `first_name`, `last_name`, `email`, `phone`, `created_at`, `updated_at`) VALUES (51, '7116264828480', 'Keanu', 'Pfeffer', 'pearl65@example.net', '1-350-426-5577x98831', '2012-12-08 00:45:19', '2018-09-23 15:38:09');
INSERT INTO `users` (`id`, `taxpayer_number`, `first_name`, `last_name`, `email`, `phone`, `created_at`, `updated_at`) VALUES (52, '9353213618090', 'Jarvis', 'Schoen', 'tkuhlman@example.org', '287-761-0476x1829', '2016-08-06 17:31:49', '2018-10-25 23:15:56');
INSERT INTO `users` (`id`, `taxpayer_number`, `first_name`, `last_name`, `email`, `phone`, `created_at`, `updated_at`) VALUES (53, '6311123119620', 'Leanne', 'Hintz', 'maryam.brown@example.com', '+40(2)1556495548', '2013-10-31 00:34:54', '2018-10-01 20:37:11');
INSERT INTO `users` (`id`, `taxpayer_number`, `first_name`, `last_name`, `email`, `phone`, `created_at`, `updated_at`) VALUES (54, '7347564952727', 'Misty', 'Breitenberg', 'maynard.mcclure@example.net', '957.623.3313x9715', '1999-11-18 13:33:56', '2019-01-18 20:58:51');
INSERT INTO `users` (`id`, `taxpayer_number`, `first_name`, `last_name`, `email`, `phone`, `created_at`, `updated_at`) VALUES (55, '812106784246', 'Laurence', 'Wuckert', 'hal37@example.com', '365.136.4944', '1996-10-06 04:36:04', '2018-08-29 07:58:07');
INSERT INTO `users` (`id`, `taxpayer_number`, `first_name`, `last_name`, `email`, `phone`, `created_at`, `updated_at`) VALUES (56, '6910537039209', 'Donald', 'Balistreri', 'derick.satterfield@example.com', '(057)613-5676', '2003-12-02 13:44:15', '2019-03-04 17:27:11');
INSERT INTO `users` (`id`, `taxpayer_number`, `first_name`, `last_name`, `email`, `phone`, `created_at`, `updated_at`) VALUES (57, '4936178817180', 'Carmen', 'Mosciski', 'sebert@example.net', '(762)431-4029x30436', '1995-03-03 06:01:10', '2019-09-04 10:26:55');
INSERT INTO `users` (`id`, `taxpayer_number`, `first_name`, `last_name`, `email`, `phone`, `created_at`, `updated_at`) VALUES (58, '7586918510543', 'Melissa', 'Gutkowski', 'wintheiser.blake@example.com', '1-027-716-9804', '1999-03-12 17:37:07', '2019-09-29 01:26:35');
INSERT INTO `users` (`id`, `taxpayer_number`, `first_name`, `last_name`, `email`, `phone`, `created_at`, `updated_at`) VALUES (59, '9970807939302', 'Kathlyn', 'Orn', 'osvaldo78@example.org', '822-093-3774x03641', '2010-04-13 17:37:49', '2020-06-18 22:47:34');
INSERT INTO `users` (`id`, `taxpayer_number`, `first_name`, `last_name`, `email`, `phone`, `created_at`, `updated_at`) VALUES (60, '7213078451668', 'Retha', 'Huel', 'vrolfson@example.com', '970-849-1664x10794', '2006-03-18 21:30:11', '2018-11-05 12:41:13');
INSERT INTO `users` (`id`, `taxpayer_number`, `first_name`, `last_name`, `email`, `phone`, `created_at`, `updated_at`) VALUES (61, '2855977328727', 'Dina', 'Russel', 'mccullough.tressa@example.org', '02304560002', '2000-09-08 04:13:56', '2019-01-20 20:19:50');
INSERT INTO `users` (`id`, `taxpayer_number`, `first_name`, `last_name`, `email`, `phone`, `created_at`, `updated_at`) VALUES (62, '5118349262978', 'Chauncey', 'Barton', 'shemar86@example.org', '+70(7)6726750901', '2016-06-27 14:41:54', '2019-11-23 06:28:20');
INSERT INTO `users` (`id`, `taxpayer_number`, `first_name`, `last_name`, `email`, `phone`, `created_at`, `updated_at`) VALUES (63, '5595102885132', 'Hallie', 'Mraz', 'connelly.bertha@example.com', '(315)391-2325x93691', '2001-10-17 05:28:18', '2019-05-10 03:04:01');
INSERT INTO `users` (`id`, `taxpayer_number`, `first_name`, `last_name`, `email`, `phone`, `created_at`, `updated_at`) VALUES (64, '223678444698', 'Charity', 'Herman', 'hills.adelia@example.net', '04982747465', '1997-10-29 21:55:58', '2019-09-24 02:50:55');
INSERT INTO `users` (`id`, `taxpayer_number`, `first_name`, `last_name`, `email`, `phone`, `created_at`, `updated_at`) VALUES (65, '9786854378134', 'Ellen', 'Kub', 'kreichert@example.com', '933.363.2810x9609', '1997-10-21 04:06:59', '2018-08-17 02:59:45');
INSERT INTO `users` (`id`, `taxpayer_number`, `first_name`, `last_name`, `email`, `phone`, `created_at`, `updated_at`) VALUES (66, '2054190530674', 'Jessica', 'Gulgowski', 'deondre.botsford@example.com', '+54(2)5546504553', '2010-04-26 10:31:44', '2020-08-01 11:13:32');
INSERT INTO `users` (`id`, `taxpayer_number`, `first_name`, `last_name`, `email`, `phone`, `created_at`, `updated_at`) VALUES (67, '8844408742757', 'Arlo', 'Windler', 'snicolas@example.org', '884-009-2376x9995', '2009-03-03 22:43:31', '2020-03-30 15:19:26');
INSERT INTO `users` (`id`, `taxpayer_number`, `first_name`, `last_name`, `email`, `phone`, `created_at`, `updated_at`) VALUES (68, '2061469019996', 'Drew', 'Kris', 'hpadberg@example.org', '386.803.5212x4209', '1994-01-18 07:56:31', '2019-01-31 03:12:07');
INSERT INTO `users` (`id`, `taxpayer_number`, `first_name`, `last_name`, `email`, `phone`, `created_at`, `updated_at`) VALUES (69, '1083247647015', 'Nathanial', 'Ratke', 'bergnaum.arvid@example.com', '386.392.5391x9243', '1991-12-11 13:53:19', '2019-08-30 01:35:01');
INSERT INTO `users` (`id`, `taxpayer_number`, `first_name`, `last_name`, `email`, `phone`, `created_at`, `updated_at`) VALUES (70, '815208211634', 'Janessa', 'Lemke', 'wmedhurst@example.net', '200-350-6134x359', '2015-01-05 13:57:54', '2020-02-02 13:54:49');
INSERT INTO `users` (`id`, `taxpayer_number`, `first_name`, `last_name`, `email`, `phone`, `created_at`, `updated_at`) VALUES (71, '9672980073746', 'Eugene', 'Fay', 'rrowe@example.net', '1-659-840-3736x91303', '2011-11-25 05:14:37', '2019-07-20 18:52:29');
INSERT INTO `users` (`id`, `taxpayer_number`, `first_name`, `last_name`, `email`, `phone`, `created_at`, `updated_at`) VALUES (72, '1835154693573', 'Morgan', 'Crooks', 'mohamed70@example.com', '03816014408', '2013-07-24 05:13:46', '2019-08-18 06:04:38');
INSERT INTO `users` (`id`, `taxpayer_number`, `first_name`, `last_name`, `email`, `phone`, `created_at`, `updated_at`) VALUES (73, '5899505673116', 'Lola', 'McClure', 'nnolan@example.org', '(308)578-5814x71365', '2014-09-16 20:26:05', '2020-07-05 10:50:56');
INSERT INTO `users` (`id`, `taxpayer_number`, `first_name`, `last_name`, `email`, `phone`, `created_at`, `updated_at`) VALUES (74, '6069261673325', 'Emiliano', 'Brekke', 'zquitzon@example.com', '+90(0)4853268943', '1992-05-28 17:15:19', '2020-02-02 17:48:09');
INSERT INTO `users` (`id`, `taxpayer_number`, `first_name`, `last_name`, `email`, `phone`, `created_at`, `updated_at`) VALUES (75, '7441634044516', 'Elyse', 'Wolff', 'miller.ricky@example.net', '1-783-413-8866', '2017-03-24 08:03:56', '2020-07-07 23:23:03');
INSERT INTO `users` (`id`, `taxpayer_number`, `first_name`, `last_name`, `email`, `phone`, `created_at`, `updated_at`) VALUES (76, '998193192761', 'Layla', 'Kunze', 'hunter94@example.net', '1-447-026-8671x022', '2009-10-11 06:05:00', '2019-09-02 15:50:54');
INSERT INTO `users` (`id`, `taxpayer_number`, `first_name`, `last_name`, `email`, `phone`, `created_at`, `updated_at`) VALUES (77, '4749323780182', 'Vena', 'Moore', 'jovan.hudson@example.org', '328.295.1684', '2006-02-18 10:22:37', '2019-04-27 16:44:09');
INSERT INTO `users` (`id`, `taxpayer_number`, `first_name`, `last_name`, `email`, `phone`, `created_at`, `updated_at`) VALUES (78, '5639536350453', 'Steve', 'Sawayn', 'cloyd24@example.com', '308.747.0951x01320', '2006-07-19 07:03:38', '2020-06-17 23:38:32');
INSERT INTO `users` (`id`, `taxpayer_number`, `first_name`, `last_name`, `email`, `phone`, `created_at`, `updated_at`) VALUES (79, '6884929870720', 'Hudson', 'Bednar', 'loren81@example.net', '+76(7)0184755699', '2007-10-01 05:05:24', '2018-11-18 18:28:37');
INSERT INTO `users` (`id`, `taxpayer_number`, `first_name`, `last_name`, `email`, `phone`, `created_at`, `updated_at`) VALUES (80, '8416094947047', 'Al', 'McCullough', 'tgorczany@example.com', '903.156.4325', '1997-05-10 12:31:44', '2019-05-01 17:35:15');
INSERT INTO `users` (`id`, `taxpayer_number`, `first_name`, `last_name`, `email`, `phone`, `created_at`, `updated_at`) VALUES (81, '1400812939042', 'Maud', 'Kuhlman', 'phansen@example.net', '(147)673-5855x157', '1998-04-04 02:17:33', '2018-11-11 05:48:50');
INSERT INTO `users` (`id`, `taxpayer_number`, `first_name`, `last_name`, `email`, `phone`, `created_at`, `updated_at`) VALUES (82, '6407235923502', 'Ova', 'Mosciski', 'schamberger.genesis@example.com', '1-913-043-2262x2325', '1996-04-21 08:23:41', '2019-06-24 06:50:13');
INSERT INTO `users` (`id`, `taxpayer_number`, `first_name`, `last_name`, `email`, `phone`, `created_at`, `updated_at`) VALUES (83, '5535532681690', 'Ansel', 'Orn', 'maverick.sipes@example.org', '02889743549', '1995-12-01 03:03:01', '2019-09-17 20:49:02');
INSERT INTO `users` (`id`, `taxpayer_number`, `first_name`, `last_name`, `email`, `phone`, `created_at`, `updated_at`) VALUES (84, '2234749184269', 'Barney', 'Lebsack', 'goldner.yadira@example.net', '(902)109-7043x339', '2017-07-26 20:21:16', '2019-06-04 21:32:00');
INSERT INTO `users` (`id`, `taxpayer_number`, `first_name`, `last_name`, `email`, `phone`, `created_at`, `updated_at`) VALUES (85, '4173424395173', 'Furman', 'Kassulke', 'gbrown@example.com', '09798761322', '2000-08-05 09:14:48', '2020-04-20 00:36:40');
INSERT INTO `users` (`id`, `taxpayer_number`, `first_name`, `last_name`, `email`, `phone`, `created_at`, `updated_at`) VALUES (86, '7598205347917', 'Madilyn', 'Kerluke', 'kurt.fay@example.net', '1-494-159-9756x495', '2013-09-01 20:35:00', '2020-06-21 11:06:32');
INSERT INTO `users` (`id`, `taxpayer_number`, `first_name`, `last_name`, `email`, `phone`, `created_at`, `updated_at`) VALUES (87, '4534774671075', 'Lilian', 'Bechtelar', 'kuphal.jovanny@example.net', '04241035344', '1990-09-09 14:13:47', '2020-06-03 17:17:05');
INSERT INTO `users` (`id`, `taxpayer_number`, `first_name`, `last_name`, `email`, `phone`, `created_at`, `updated_at`) VALUES (88, '2085382319008', 'Cristopher', 'Stehr', 'orn.don@example.org', '(174)353-6084', '2009-10-04 04:02:36', '2020-01-25 22:50:50');
INSERT INTO `users` (`id`, `taxpayer_number`, `first_name`, `last_name`, `email`, `phone`, `created_at`, `updated_at`) VALUES (89, '4148171338206', 'Mike', 'Buckridge', 'jay69@example.net', '(216)321-6079x18971', '1995-09-20 08:14:51', '2019-04-08 08:42:31');
INSERT INTO `users` (`id`, `taxpayer_number`, `first_name`, `last_name`, `email`, `phone`, `created_at`, `updated_at`) VALUES (90, '4077985335793', 'Patience', 'Bernier', 'paxton71@example.net', '(095)183-9311x53733', '2003-07-14 21:34:18', '2019-04-24 04:25:52');
INSERT INTO `users` (`id`, `taxpayer_number`, `first_name`, `last_name`, `email`, `phone`, `created_at`, `updated_at`) VALUES (91, '1949249445786', 'Christelle', 'Hackett', 'jovanny22@example.com', '926.589.4643', '2004-03-21 01:35:12', '2018-10-28 13:39:04');
INSERT INTO `users` (`id`, `taxpayer_number`, `first_name`, `last_name`, `email`, `phone`, `created_at`, `updated_at`) VALUES (92, '6797227281145', 'Lola', 'Hills', 'boyer.therese@example.com', '805.418.1721x40176', '2009-07-04 03:55:21', '2019-08-09 16:01:46');
INSERT INTO `users` (`id`, `taxpayer_number`, `first_name`, `last_name`, `email`, `phone`, `created_at`, `updated_at`) VALUES (93, '5439249614952', 'Clifford', 'Metz', 'rolfson.viola@example.org', '1-032-165-4221', '1994-11-27 08:02:23', '2020-07-12 18:56:15');
INSERT INTO `users` (`id`, `taxpayer_number`, `first_name`, `last_name`, `email`, `phone`, `created_at`, `updated_at`) VALUES (94, '7607014483399', 'Zola', 'Hammes', 'o\'reilly.robert@example.org', '042-075-3310', '2001-11-12 13:37:54', '2020-02-16 18:03:01');
INSERT INTO `users` (`id`, `taxpayer_number`, `first_name`, `last_name`, `email`, `phone`, `created_at`, `updated_at`) VALUES (95, '9715109170321', 'Dayton', 'Ziemann', 'johnpaul.moen@example.net', '(558)563-8076', '2009-08-09 21:57:39', '2020-05-13 17:46:32');
INSERT INTO `users` (`id`, `taxpayer_number`, `first_name`, `last_name`, `email`, `phone`, `created_at`, `updated_at`) VALUES (96, '2454987842496', 'Jessie', 'Sauer', 'ydaugherty@example.org', '1-227-627-9083x35237', '1998-04-16 21:34:33', '2019-11-06 18:38:41');
INSERT INTO `users` (`id`, `taxpayer_number`, `first_name`, `last_name`, `email`, `phone`, `created_at`, `updated_at`) VALUES (97, '281570157781', 'Libbie', 'Brekke', 'moses16@example.org', '455.692.9893', '2012-10-02 22:21:58', '2020-08-05 16:08:20');
INSERT INTO `users` (`id`, `taxpayer_number`, `first_name`, `last_name`, `email`, `phone`, `created_at`, `updated_at`) VALUES (98, '1289111783029', 'Pascale', 'Reinger', 'satterfield.derick@example.com', '236.623.8091x62838', '2002-04-12 11:01:18', '2020-02-19 06:08:33');
INSERT INTO `users` (`id`, `taxpayer_number`, `first_name`, `last_name`, `email`, `phone`, `created_at`, `updated_at`) VALUES (99, '5054630132718', 'Petra', 'Ratke', 'lukas30@example.net', '1-420-924-4084x94859', '2000-05-12 09:41:06', '2019-06-01 00:49:43');
INSERT INTO `users` (`id`, `taxpayer_number`, `first_name`, `last_name`, `email`, `phone`, `created_at`, `updated_at`) VALUES (100, '2800025076139', 'Reyes', 'Trantow', 'casandra.brown@example.com', '(876)149-4479', '1999-05-06 17:20:28', '2019-03-20 09:15:49');
INSERT INTO `users` (`id`, `taxpayer_number`, `first_name`, `last_name`, `email`, `phone`, `created_at`, `updated_at`) VALUES (101, '7006278974050', 'Aileen', 'Schowalter', 'vince45@example.net', '457.429.5842', '2005-08-08 00:18:52', '2019-01-30 03:11:34');
INSERT INTO `users` (`id`, `taxpayer_number`, `first_name`, `last_name`, `email`, `phone`, `created_at`, `updated_at`) VALUES (102, '2456944784289', 'Althea', 'Lebsack', 'brett37@example.com', '461-310-9404x431', '1998-02-28 02:30:42', '2020-02-24 16:03:58');
INSERT INTO `users` (`id`, `taxpayer_number`, `first_name`, `last_name`, `email`, `phone`, `created_at`, `updated_at`) VALUES (103, '2044456693576', 'Dedric', 'Lind', 'christophe.kilback@example.net', '755.869.9688', '2008-05-18 21:48:05', '2020-07-16 08:28:31');
INSERT INTO `users` (`id`, `taxpayer_number`, `first_name`, `last_name`, `email`, `phone`, `created_at`, `updated_at`) VALUES (104, '129648515256', 'Misty', 'Kuvalis', 'altenwerth.jeramie@example.net', '1-021-401-3598x698', '1992-05-21 13:49:17', '2019-08-03 06:25:08');
INSERT INTO `users` (`id`, `taxpayer_number`, `first_name`, `last_name`, `email`, `phone`, `created_at`, `updated_at`) VALUES (105, '2175413890369', 'Lucas', 'Jast', 'gleichner.sid@example.org', '635.215.3788', '1996-02-06 02:02:58', '2020-08-04 04:18:14');
INSERT INTO `users` (`id`, `taxpayer_number`, `first_name`, `last_name`, `email`, `phone`, `created_at`, `updated_at`) VALUES (106, '9907558139460', 'Leopoldo', 'Tillman', 'gaston.botsford@example.org', '+24(0)4569892051', '2014-01-10 06:58:14', '2020-05-22 23:13:11');
INSERT INTO `users` (`id`, `taxpayer_number`, `first_name`, `last_name`, `email`, `phone`, `created_at`, `updated_at`) VALUES (107, '7948349582124', 'Lennie', 'Kihn', 'iva.moen@example.net', '1-964-456-2332x65676', '2002-03-29 20:39:50', '2019-08-01 18:07:20');
INSERT INTO `users` (`id`, `taxpayer_number`, `first_name`, `last_name`, `email`, `phone`, `created_at`, `updated_at`) VALUES (108, '2159963549207', 'Immanuel', 'Rolfson', 'tkrajcik@example.net', '1-279-742-1323', '2017-08-04 09:39:08', '2020-06-04 02:37:38');
INSERT INTO `users` (`id`, `taxpayer_number`, `first_name`, `last_name`, `email`, `phone`, `created_at`, `updated_at`) VALUES (109, '7159937046002', 'Dawson', 'Johns', 'drew10@example.com', '1-903-277-5485x7418', '2008-08-20 23:14:39', '2020-01-06 16:44:11');
INSERT INTO `users` (`id`, `taxpayer_number`, `first_name`, `last_name`, `email`, `phone`, `created_at`, `updated_at`) VALUES (110, '906094789924', 'Ebba', 'Rempel', 'erik.beier@example.net', '317.425.2889', '2006-11-16 12:26:37', '2020-03-02 07:21:53');
INSERT INTO `users` (`id`, `taxpayer_number`, `first_name`, `last_name`, `email`, `phone`, `created_at`, `updated_at`) VALUES (111, '3541110217757', 'Gloria', 'Feil', 'colten.bernier@example.net', '1-887-644-2995x388', '1998-07-18 09:23:14', '2019-08-26 15:50:11');
INSERT INTO `users` (`id`, `taxpayer_number`, `first_name`, `last_name`, `email`, `phone`, `created_at`, `updated_at`) VALUES (112, '7214448663592', 'Lynn', 'Huel', 'edgar.rowe@example.com', '818.908.1666x2506', '1996-04-07 06:18:33', '2019-04-07 15:37:07');
INSERT INTO `users` (`id`, `taxpayer_number`, `first_name`, `last_name`, `email`, `phone`, `created_at`, `updated_at`) VALUES (113, '7445743112871', 'Callie', 'Lebsack', 'haag.preston@example.com', '988.199.4070', '2007-11-26 06:51:46', '2018-11-14 18:41:06');
INSERT INTO `users` (`id`, `taxpayer_number`, `first_name`, `last_name`, `email`, `phone`, `created_at`, `updated_at`) VALUES (114, '6933777787722', 'Ressie', 'Lebsack', 'emmett42@example.org', '1-310-494-0205', '1999-09-09 00:37:27', '2020-03-04 18:44:17');
INSERT INTO `users` (`id`, `taxpayer_number`, `first_name`, `last_name`, `email`, `phone`, `created_at`, `updated_at`) VALUES (115, '4892828533053', 'Constance', 'Kuhic', 'dena89@example.org', '368-545-9183x62217', '2001-08-09 10:32:15', '2019-10-21 01:58:05');
INSERT INTO `users` (`id`, `taxpayer_number`, `first_name`, `last_name`, `email`, `phone`, `created_at`, `updated_at`) VALUES (116, '6933867365540', 'Josianne', 'Hayes', 'wgusikowski@example.com', '(512)225-6449x686', '2002-08-08 11:12:08', '2018-11-13 02:29:39');
INSERT INTO `users` (`id`, `taxpayer_number`, `first_name`, `last_name`, `email`, `phone`, `created_at`, `updated_at`) VALUES (117, '8275225310726', 'Katharina', 'White', 'sbayer@example.net', '+34(0)3204991123', '1997-08-09 05:18:01', '2018-10-24 11:45:28');
INSERT INTO `users` (`id`, `taxpayer_number`, `first_name`, `last_name`, `email`, `phone`, `created_at`, `updated_at`) VALUES (118, '4750306748179', 'Nicholaus', 'Zieme', 'wisozk.gardner@example.org', '154-862-3930x03091', '1992-09-01 22:52:21', '2019-04-01 11:08:11');
INSERT INTO `users` (`id`, `taxpayer_number`, `first_name`, `last_name`, `email`, `phone`, `created_at`, `updated_at`) VALUES (119, '8441736598685', 'Osvaldo', 'Streich', 'dabbott@example.com', '718.964.8881x480', '2003-04-08 10:54:00', '2018-08-25 10:28:32');
INSERT INTO `users` (`id`, `taxpayer_number`, `first_name`, `last_name`, `email`, `phone`, `created_at`, `updated_at`) VALUES (120, '2534304701723', 'Paul', 'Kozey', 'bettye28@example.net', '+64(5)2589769216', '1996-04-14 18:32:48', '2019-02-24 00:51:55');
INSERT INTO `users` (`id`, `taxpayer_number`, `first_name`, `last_name`, `email`, `phone`, `created_at`, `updated_at`) VALUES (121, '4483022572146', 'Makenzie', 'Auer', 'xcronin@example.net', '122.497.8394', '1993-12-24 11:45:33', '2018-10-07 09:58:44');
INSERT INTO `users` (`id`, `taxpayer_number`, `first_name`, `last_name`, `email`, `phone`, `created_at`, `updated_at`) VALUES (122, '8497578809456', 'Felicita', 'Shanahan', 'jaden.mraz@example.com', '399.038.4280', '1998-01-16 14:45:07', '2019-12-11 15:14:51');
INSERT INTO `users` (`id`, `taxpayer_number`, `first_name`, `last_name`, `email`, `phone`, `created_at`, `updated_at`) VALUES (123, '4308763782540', 'Steve', 'Brakus', 'simone75@example.org', '07944005671', '2003-06-08 03:19:29', '2018-10-14 22:16:56');
INSERT INTO `users` (`id`, `taxpayer_number`, `first_name`, `last_name`, `email`, `phone`, `created_at`, `updated_at`) VALUES (124, '4753291854867', 'Reuben', 'Huels', 'autumn40@example.com', '529.622.5038x8328', '1996-06-06 04:06:52', '2018-11-08 15:47:05');
INSERT INTO `users` (`id`, `taxpayer_number`, `first_name`, `last_name`, `email`, `phone`, `created_at`, `updated_at`) VALUES (125, '4745712629146', 'Connie', 'Wunsch', 'juwan81@example.com', '1-834-710-9738x847', '2012-09-07 06:32:01', '2019-02-03 19:34:11');
INSERT INTO `users` (`id`, `taxpayer_number`, `first_name`, `last_name`, `email`, `phone`, `created_at`, `updated_at`) VALUES (126, '145547188073', 'Marisa', 'Grady', 'qkiehn@example.net', '(634)189-0838', '2009-07-27 01:09:37', '2019-10-01 19:42:01');
INSERT INTO `users` (`id`, `taxpayer_number`, `first_name`, `last_name`, `email`, `phone`, `created_at`, `updated_at`) VALUES (127, '5824221484549', 'Zoey', 'Bednar', 'llebsack@example.com', '1-678-038-5030x542', '2006-07-25 06:24:57', '2019-08-18 03:38:49');
INSERT INTO `users` (`id`, `taxpayer_number`, `first_name`, `last_name`, `email`, `phone`, `created_at`, `updated_at`) VALUES (128, '9727391639491', 'Deanna', 'Goyette', 'keenan48@example.com', '376.821.2824', '1998-09-19 23:34:05', '2019-07-20 23:38:20');
INSERT INTO `users` (`id`, `taxpayer_number`, `first_name`, `last_name`, `email`, `phone`, `created_at`, `updated_at`) VALUES (129, '3777415119390', 'Jamil', 'Hansen', 'blanche.kshlerin@example.org', '1-352-943-0020', '2000-12-19 14:19:40', '2018-09-24 00:48:27');
INSERT INTO `users` (`id`, `taxpayer_number`, `first_name`, `last_name`, `email`, `phone`, `created_at`, `updated_at`) VALUES (130, '7108026573527', 'Guy', 'Kemmer', 'jaylen76@example.com', '(197)433-8824x4777', '2006-01-15 07:01:55', '2020-04-19 04:57:33');
INSERT INTO `users` (`id`, `taxpayer_number`, `first_name`, `last_name`, `email`, `phone`, `created_at`, `updated_at`) VALUES (131, '5358823541598', 'Rhiannon', 'Strosin', 'kstroman@example.net', '00928861254', '1996-06-18 14:08:21', '2018-11-23 00:30:57');
INSERT INTO `users` (`id`, `taxpayer_number`, `first_name`, `last_name`, `email`, `phone`, `created_at`, `updated_at`) VALUES (132, '8650406229356', 'Natasha', 'Ferry', 'daphnee.tillman@example.com', '(884)740-8793', '2013-10-03 12:51:36', '2019-11-21 14:57:57');
INSERT INTO `users` (`id`, `taxpayer_number`, `first_name`, `last_name`, `email`, `phone`, `created_at`, `updated_at`) VALUES (133, '3418622783245', 'Toy', 'Gutkowski', 'haskell14@example.net', '763.960.7040x02930', '2008-06-12 18:05:08', '2019-07-05 01:19:38');
INSERT INTO `users` (`id`, `taxpayer_number`, `first_name`, `last_name`, `email`, `phone`, `created_at`, `updated_at`) VALUES (134, '2038584503624', 'Kaci', 'Fahey', 'afahey@example.com', '571.678.7278', '2012-03-27 22:19:06', '2019-02-02 09:41:44');
INSERT INTO `users` (`id`, `taxpayer_number`, `first_name`, `last_name`, `email`, `phone`, `created_at`, `updated_at`) VALUES (135, '1889589369483', 'Kirstin', 'Schinner', 'fisher.theresia@example.org', '421-746-5444x0529', '1998-11-13 00:02:34', '2020-07-07 05:24:17');
INSERT INTO `users` (`id`, `taxpayer_number`, `first_name`, `last_name`, `email`, `phone`, `created_at`, `updated_at`) VALUES (136, '291332821501', 'Kaitlin', 'Cartwright', 'tessie93@example.com', '1-005-651-2463x8932', '2007-03-08 23:50:11', '2019-07-13 13:12:34');
INSERT INTO `users` (`id`, `taxpayer_number`, `first_name`, `last_name`, `email`, `phone`, `created_at`, `updated_at`) VALUES (137, '8489325779303', 'Rachel', 'Hahn', 'trantow.eleanore@example.net', '640-842-2243x316', '1999-05-16 19:49:30', '2018-09-17 16:21:05');
INSERT INTO `users` (`id`, `taxpayer_number`, `first_name`, `last_name`, `email`, `phone`, `created_at`, `updated_at`) VALUES (138, '5613205930171', 'Lynn', 'Dooley', 'mckenzie.mcdermott@example.org', '1-312-880-0047', '2015-04-23 09:56:35', '2018-08-11 05:42:58');
INSERT INTO `users` (`id`, `taxpayer_number`, `first_name`, `last_name`, `email`, `phone`, `created_at`, `updated_at`) VALUES (139, '5474418416852', 'Duane', 'Ondricka', 'waelchi.jana@example.net', '(772)701-0534x614', '2011-12-27 19:03:41', '2019-12-31 09:49:17');
INSERT INTO `users` (`id`, `taxpayer_number`, `first_name`, `last_name`, `email`, `phone`, `created_at`, `updated_at`) VALUES (140, '583698579203', 'Natasha', 'Runolfsdottir', 'torphy.melyssa@example.org', '(511)961-4811', '2002-09-02 14:37:59', '2019-01-30 08:59:43');
INSERT INTO `users` (`id`, `taxpayer_number`, `first_name`, `last_name`, `email`, `phone`, `created_at`, `updated_at`) VALUES (141, '8392941319197', 'Danika', 'Weber', 'virginie.fadel@example.com', '255.875.5590x990', '2011-07-14 21:57:55', '2020-04-04 02:18:42');
INSERT INTO `users` (`id`, `taxpayer_number`, `first_name`, `last_name`, `email`, `phone`, `created_at`, `updated_at`) VALUES (142, '6296613486157', 'Arlene', 'Hartmann', 'brennon.dubuque@example.net', '1-070-799-6503x9901', '1994-09-30 15:32:30', '2018-12-10 13:26:23');
INSERT INTO `users` (`id`, `taxpayer_number`, `first_name`, `last_name`, `email`, `phone`, `created_at`, `updated_at`) VALUES (143, '4566839920356', 'Cecil', 'Lemke', 'zoie23@example.org', '1-457-040-9173x1355', '1991-01-27 06:22:06', '2018-12-20 21:44:56');
INSERT INTO `users` (`id`, `taxpayer_number`, `first_name`, `last_name`, `email`, `phone`, `created_at`, `updated_at`) VALUES (144, '5914909342164', 'Sasha', 'Leuschke', 'margie.bartell@example.org', '+66(8)1532641624', '2009-07-02 16:41:21', '2018-12-28 10:20:40');
INSERT INTO `users` (`id`, `taxpayer_number`, `first_name`, `last_name`, `email`, `phone`, `created_at`, `updated_at`) VALUES (145, '2474039072729', 'Jerel', 'Konopelski', 'shawn.cremin@example.org', '02365559669', '1995-06-01 13:27:41', '2019-05-02 08:35:26');
INSERT INTO `users` (`id`, `taxpayer_number`, `first_name`, `last_name`, `email`, `phone`, `created_at`, `updated_at`) VALUES (146, '8522049370920', 'Jessie', 'Klein', 'francisca.pagac@example.com', '1-915-819-7757x637', '2010-07-25 03:27:55', '2019-08-05 01:16:29');
INSERT INTO `users` (`id`, `taxpayer_number`, `first_name`, `last_name`, `email`, `phone`, `created_at`, `updated_at`) VALUES (147, '9696951440908', 'Odie', 'Jakubowski', 'langosh.olaf@example.net', '(844)143-4913x17528', '2003-01-22 00:44:28', '2018-11-28 11:42:18');
INSERT INTO `users` (`id`, `taxpayer_number`, `first_name`, `last_name`, `email`, `phone`, `created_at`, `updated_at`) VALUES (148, '5601635948335', 'Jackie', 'Spencer', 'eloisa35@example.com', '1-862-649-0967', '2001-05-05 10:06:14', '2020-04-23 01:50:30');
INSERT INTO `users` (`id`, `taxpayer_number`, `first_name`, `last_name`, `email`, `phone`, `created_at`, `updated_at`) VALUES (149, '3901408780645', 'Lon', 'Kuphal', 'bell.bailey@example.com', '(677)983-0353x9177', '2016-01-17 09:24:53', '2019-06-09 11:51:43');
INSERT INTO `users` (`id`, `taxpayer_number`, `first_name`, `last_name`, `email`, `phone`, `created_at`, `updated_at`) VALUES (150, '4828093145648', 'Eudora', 'Hessel', 'zfeest@example.com', '707.017.2186', '1995-05-05 02:43:01', '2019-09-27 07:46:40');
INSERT INTO `users` (`id`, `taxpayer_number`, `first_name`, `last_name`, `email`, `phone`, `created_at`, `updated_at`) VALUES (151, '3251518357452', 'Anna', 'Adams', 'anthony93@example.net', '946-478-4531x1425', '2014-08-01 17:31:22', '2018-10-09 03:33:42');
INSERT INTO `users` (`id`, `taxpayer_number`, `first_name`, `last_name`, `email`, `phone`, `created_at`, `updated_at`) VALUES (152, '4329086472885', 'Billy', 'Jerde', 'boehm.lori@example.com', '734.073.0461x00053', '2000-12-25 03:58:34', '2019-08-23 23:10:11');
INSERT INTO `users` (`id`, `taxpayer_number`, `first_name`, `last_name`, `email`, `phone`, `created_at`, `updated_at`) VALUES (153, '632054263073', 'Hannah', 'Olson', 'prippin@example.org', '1-759-727-0104', '1999-12-25 16:53:23', '2020-04-04 02:39:44');
INSERT INTO `users` (`id`, `taxpayer_number`, `first_name`, `last_name`, `email`, `phone`, `created_at`, `updated_at`) VALUES (154, '2848001680476', 'Mavis', 'Ondricka', 'adriana.lebsack@example.net', '820.715.5492', '2005-07-07 21:12:33', '2019-11-13 14:45:57');
INSERT INTO `users` (`id`, `taxpayer_number`, `first_name`, `last_name`, `email`, `phone`, `created_at`, `updated_at`) VALUES (155, '3289808101067', 'Kaylee', 'King', 'conn.orlando@example.com', '306.143.2428x6996', '1993-10-02 16:25:46', '2020-05-11 09:11:05');
INSERT INTO `users` (`id`, `taxpayer_number`, `first_name`, `last_name`, `email`, `phone`, `created_at`, `updated_at`) VALUES (156, '1932086274027', 'Ruthe', 'Stiedemann', 'shane11@example.net', '615-353-9545', '2012-12-30 00:47:34', '2020-07-04 19:56:08');
INSERT INTO `users` (`id`, `taxpayer_number`, `first_name`, `last_name`, `email`, `phone`, `created_at`, `updated_at`) VALUES (157, '8380238284682', 'Forrest', 'Ratke', 'brody30@example.org', '(493)725-1793x349', '1990-12-25 06:36:54', '2019-10-04 02:20:52');
INSERT INTO `users` (`id`, `taxpayer_number`, `first_name`, `last_name`, `email`, `phone`, `created_at`, `updated_at`) VALUES (158, '6290398553060', 'Hulda', 'Leannon', 'claude65@example.com', '(506)657-2775x1320', '2010-01-14 14:08:43', '2020-01-18 13:57:00');
INSERT INTO `users` (`id`, `taxpayer_number`, `first_name`, `last_name`, `email`, `phone`, `created_at`, `updated_at`) VALUES (159, '2776632103882', 'Maegan', 'Buckridge', 'bernice.ullrich@example.org', '732.597.8255x196', '1992-06-30 00:43:32', '2020-05-28 06:27:41');
INSERT INTO `users` (`id`, `taxpayer_number`, `first_name`, `last_name`, `email`, `phone`, `created_at`, `updated_at`) VALUES (160, '9461068247910', 'Kyleigh', 'Haley', 'dixie.ferry@example.net', '05490464592', '2014-10-26 19:34:17', '2018-10-17 12:49:22');
INSERT INTO `users` (`id`, `taxpayer_number`, `first_name`, `last_name`, `email`, `phone`, `created_at`, `updated_at`) VALUES (161, '9008776128478', 'Virginia', 'Streich', 'davis.jeanie@example.com', '901.205.7386x9569', '2015-04-21 18:05:41', '2020-01-26 16:36:26');
INSERT INTO `users` (`id`, `taxpayer_number`, `first_name`, `last_name`, `email`, `phone`, `created_at`, `updated_at`) VALUES (162, '2055730595160', 'Rusty', 'Greenholt', 'tkling@example.net', '880.311.8800x385', '2006-12-12 22:57:08', '2019-10-15 08:24:28');
INSERT INTO `users` (`id`, `taxpayer_number`, `first_name`, `last_name`, `email`, `phone`, `created_at`, `updated_at`) VALUES (163, '7248651139764', 'Mustafa', 'Lynch', 'brandi80@example.com', '(961)142-0176', '2005-08-30 23:42:34', '2018-08-31 05:09:33');
INSERT INTO `users` (`id`, `taxpayer_number`, `first_name`, `last_name`, `email`, `phone`, `created_at`, `updated_at`) VALUES (164, '5553756173420', 'Lacey', 'Kemmer', 'okihn@example.org', '1-980-406-1487', '2016-07-03 13:42:24', '2018-08-28 05:20:22');
INSERT INTO `users` (`id`, `taxpayer_number`, `first_name`, `last_name`, `email`, `phone`, `created_at`, `updated_at`) VALUES (165, '673233648529', 'Henry', 'Lang', 'borer.marilyne@example.com', '815-160-1407x3313', '2005-09-25 23:52:56', '2020-01-29 06:24:04');
INSERT INTO `users` (`id`, `taxpayer_number`, `first_name`, `last_name`, `email`, `phone`, `created_at`, `updated_at`) VALUES (166, '9967981893057', 'Roderick', 'Prohaska', 'zulauf.sebastian@example.com', '1-611-048-4418', '2005-06-15 11:38:12', '2019-11-16 20:45:53');
INSERT INTO `users` (`id`, `taxpayer_number`, `first_name`, `last_name`, `email`, `phone`, `created_at`, `updated_at`) VALUES (167, '6822597396420', 'Ruby', 'O\'Hara', 'chadrick21@example.net', '(706)011-7320x113', '2005-08-19 10:21:54', '2019-11-19 11:32:19');
INSERT INTO `users` (`id`, `taxpayer_number`, `first_name`, `last_name`, `email`, `phone`, `created_at`, `updated_at`) VALUES (168, '3262074548518', 'Shirley', 'Oberbrunner', 'rbechtelar@example.com', '1-950-047-1751', '1999-05-15 21:46:56', '2019-05-03 04:46:12');
INSERT INTO `users` (`id`, `taxpayer_number`, `first_name`, `last_name`, `email`, `phone`, `created_at`, `updated_at`) VALUES (169, '1353991174465', 'Delpha', 'Hilll', 'icassin@example.org', '(066)109-5080x23154', '2006-12-09 06:19:13', '2018-12-17 23:34:36');
INSERT INTO `users` (`id`, `taxpayer_number`, `first_name`, `last_name`, `email`, `phone`, `created_at`, `updated_at`) VALUES (170, '5354120095307', 'Hilario', 'Wintheiser', 'edwin57@example.com', '933.906.0060', '2005-10-02 03:33:05', '2019-05-02 23:27:11');
INSERT INTO `users` (`id`, `taxpayer_number`, `first_name`, `last_name`, `email`, `phone`, `created_at`, `updated_at`) VALUES (171, '7841845949552', 'Katelynn', 'Von', 'wheaney@example.net', '017.022.8260x7942', '2005-07-14 02:52:54', '2019-11-17 02:33:11');
INSERT INTO `users` (`id`, `taxpayer_number`, `first_name`, `last_name`, `email`, `phone`, `created_at`, `updated_at`) VALUES (172, '7380211104778', 'Will', 'Grimes', 'ijones@example.com', '217.365.7029x070', '2008-07-09 20:14:37', '2019-02-12 11:32:31');
INSERT INTO `users` (`id`, `taxpayer_number`, `first_name`, `last_name`, `email`, `phone`, `created_at`, `updated_at`) VALUES (173, '7814131782250', 'Bo', 'Macejkovic', 'hane.marielle@example.com', '580-414-1152x542', '1997-09-17 00:32:24', '2019-06-30 23:43:33');
INSERT INTO `users` (`id`, `taxpayer_number`, `first_name`, `last_name`, `email`, `phone`, `created_at`, `updated_at`) VALUES (174, '6202465410437', 'Jazmin', 'Collier', 'ecartwright@example.org', '068.877.3853x9842', '2006-08-02 09:52:35', '2019-01-08 00:16:23');
INSERT INTO `users` (`id`, `taxpayer_number`, `first_name`, `last_name`, `email`, `phone`, `created_at`, `updated_at`) VALUES (175, '7237863911595', 'Shakira', 'Wehner', 'carter.kiera@example.org', '461.438.6267x8114', '2006-04-14 19:33:38', '2019-12-01 00:16:13');
INSERT INTO `users` (`id`, `taxpayer_number`, `first_name`, `last_name`, `email`, `phone`, `created_at`, `updated_at`) VALUES (176, '976040899334', 'Jabari', 'Bayer', 'xullrich@example.org', '897.630.8169x427', '1997-11-19 23:14:12', '2019-03-14 23:32:34');
INSERT INTO `users` (`id`, `taxpayer_number`, `first_name`, `last_name`, `email`, `phone`, `created_at`, `updated_at`) VALUES (177, '3195176044199', 'Landen', 'Heathcote', 'torp.juliet@example.net', '853-127-5185', '2005-05-10 02:45:46', '2019-10-31 11:59:36');
INSERT INTO `users` (`id`, `taxpayer_number`, `first_name`, `last_name`, `email`, `phone`, `created_at`, `updated_at`) VALUES (178, '4973047407856', 'Nicola', 'Greenfelder', 'jkutch@example.com', '(745)036-2389', '1996-01-31 09:29:19', '2020-04-18 14:34:07');
INSERT INTO `users` (`id`, `taxpayer_number`, `first_name`, `last_name`, `email`, `phone`, `created_at`, `updated_at`) VALUES (179, '8098922643065', 'Orpha', 'Grant', 'vito79@example.net', '1-420-377-8503x555', '1995-02-06 21:31:52', '2018-09-24 11:10:51');
INSERT INTO `users` (`id`, `taxpayer_number`, `first_name`, `last_name`, `email`, `phone`, `created_at`, `updated_at`) VALUES (180, '3953549073170', 'Myah', 'Kihn', 'xcrooks@example.org', '(146)054-4560x075', '2007-12-26 11:14:29', '2019-07-15 19:06:03');
INSERT INTO `users` (`id`, `taxpayer_number`, `first_name`, `last_name`, `email`, `phone`, `created_at`, `updated_at`) VALUES (181, '5437428388325', 'Leonie', 'Corwin', 'irving.mcglynn@example.com', '(283)808-8940x064', '2002-07-03 10:54:56', '2018-11-20 00:56:24');
INSERT INTO `users` (`id`, `taxpayer_number`, `first_name`, `last_name`, `email`, `phone`, `created_at`, `updated_at`) VALUES (182, '3216363159799', 'Reina', 'Fay', 'rhea.boyer@example.net', '+95(8)3323973135', '1995-08-20 02:08:09', '2019-10-13 00:27:40');
INSERT INTO `users` (`id`, `taxpayer_number`, `first_name`, `last_name`, `email`, `phone`, `created_at`, `updated_at`) VALUES (183, '8503436427051', 'Anais', 'Zemlak', 'cziemann@example.net', '1-991-080-4974', '1991-07-02 06:05:27', '2019-01-22 15:59:59');
INSERT INTO `users` (`id`, `taxpayer_number`, `first_name`, `last_name`, `email`, `phone`, `created_at`, `updated_at`) VALUES (184, '3073938651522', 'Robb', 'Lemke', 'dagmar91@example.com', '08859965279', '1997-02-18 04:11:50', '2019-10-25 21:36:15');
INSERT INTO `users` (`id`, `taxpayer_number`, `first_name`, `last_name`, `email`, `phone`, `created_at`, `updated_at`) VALUES (185, '5678778359154', 'Domenico', 'Leuschke', 'lzemlak@example.net', '1-114-757-8117', '2007-11-25 03:03:54', '2020-04-30 22:35:58');
INSERT INTO `users` (`id`, `taxpayer_number`, `first_name`, `last_name`, `email`, `phone`, `created_at`, `updated_at`) VALUES (186, '8687300949776', 'Lucienne', 'Schultz', 'carolyn.purdy@example.net', '1-479-470-9418', '2002-01-01 01:36:36', '2019-05-02 15:35:01');
INSERT INTO `users` (`id`, `taxpayer_number`, `first_name`, `last_name`, `email`, `phone`, `created_at`, `updated_at`) VALUES (187, '9831415758421', 'Elda', 'Waelchi', 'crohan@example.com', '892-567-4409', '2015-07-07 14:55:54', '2020-05-20 00:53:35');
INSERT INTO `users` (`id`, `taxpayer_number`, `first_name`, `last_name`, `email`, `phone`, `created_at`, `updated_at`) VALUES (188, '4719790350133', 'Tony', 'Lakin', 'nbogan@example.net', '181.468.6505', '2013-01-05 07:25:00', '2019-03-06 14:52:23');
INSERT INTO `users` (`id`, `taxpayer_number`, `first_name`, `last_name`, `email`, `phone`, `created_at`, `updated_at`) VALUES (189, '8805734170880', 'Keith', 'Kihn', 'creichel@example.org', '1-347-072-4614x3196', '2008-10-12 08:57:49', '2019-08-28 01:56:55');
INSERT INTO `users` (`id`, `taxpayer_number`, `first_name`, `last_name`, `email`, `phone`, `created_at`, `updated_at`) VALUES (190, '8233818995719', 'Annamarie', 'Brekke', 'lilyan41@example.net', '08565246236', '2016-08-19 00:41:01', '2019-07-11 14:54:08');
INSERT INTO `users` (`id`, `taxpayer_number`, `first_name`, `last_name`, `email`, `phone`, `created_at`, `updated_at`) VALUES (191, '5707644558697', 'Alycia', 'Bahringer', 'wyman04@example.com', '306.222.3083', '2003-08-05 03:34:06', '2019-01-02 10:26:04');
INSERT INTO `users` (`id`, `taxpayer_number`, `first_name`, `last_name`, `email`, `phone`, `created_at`, `updated_at`) VALUES (192, '2503203463926', 'Gideon', 'Hauck', 'grant.reynolds@example.org', '1-869-552-7578x2703', '2016-07-31 00:55:33', '2018-09-03 10:04:08');
INSERT INTO `users` (`id`, `taxpayer_number`, `first_name`, `last_name`, `email`, `phone`, `created_at`, `updated_at`) VALUES (193, '2953110345173', 'Dean', 'Ziemann', 'hackett.douglas@example.net', '1-783-520-6264', '2009-04-14 04:58:48', '2019-12-30 19:38:03');
INSERT INTO `users` (`id`, `taxpayer_number`, `first_name`, `last_name`, `email`, `phone`, `created_at`, `updated_at`) VALUES (194, '2653931924933', 'Nola', 'Ledner', 'gardner.jones@example.net', '331.232.1184x660', '2008-10-14 06:49:36', '2019-03-18 02:11:13');
INSERT INTO `users` (`id`, `taxpayer_number`, `first_name`, `last_name`, `email`, `phone`, `created_at`, `updated_at`) VALUES (195, '8572529816115', 'Enos', 'Prohaska', 'wintheiser.xander@example.org', '+80(9)5552147034', '2016-03-31 17:16:26', '2020-04-03 00:00:05');
INSERT INTO `users` (`id`, `taxpayer_number`, `first_name`, `last_name`, `email`, `phone`, `created_at`, `updated_at`) VALUES (196, '5470951477298', 'Katelynn', 'Carter', 'strosin.talia@example.net', '1-597-861-1490x58613', '1995-10-12 18:26:13', '2019-09-24 13:02:13');
INSERT INTO `users` (`id`, `taxpayer_number`, `first_name`, `last_name`, `email`, `phone`, `created_at`, `updated_at`) VALUES (197, '5640733003336', 'Emmanuel', 'Rohan', 'frami.zula@example.com', '(978)265-7559x3896', '2014-10-29 02:04:03', '2020-02-17 19:28:12');
INSERT INTO `users` (`id`, `taxpayer_number`, `first_name`, `last_name`, `email`, `phone`, `created_at`, `updated_at`) VALUES (198, '9300860092462', 'Olaf', 'Goldner', 'smueller@example.org', '09349091529', '2009-03-03 13:53:29', '2020-01-25 07:44:56');
INSERT INTO `users` (`id`, `taxpayer_number`, `first_name`, `last_name`, `email`, `phone`, `created_at`, `updated_at`) VALUES (199, '4738522519031', 'Selina', 'Wilkinson', 'luettgen.reyna@example.org', '453.388.8906x0797', '1990-09-20 12:21:25', '2020-03-30 13:48:31');
INSERT INTO `users` (`id`, `taxpayer_number`, `first_name`, `last_name`, `email`, `phone`, `created_at`, `updated_at`) VALUES (200, '491951729310', 'David', 'Kub', 'lskiles@example.com', '(896)727-7289x4306', '2003-11-18 05:37:25', '2019-10-20 15:11:53');
INSERT INTO `users` (`id`, `taxpayer_number`, `first_name`, `last_name`, `email`, `phone`, `created_at`, `updated_at`) VALUES (201, '1370183138456', 'Abigayle', 'Weissnat', 'elna.yundt@example.org', '+42(6)1847254193', '2013-09-24 05:10:22', '2019-07-09 23:33:26');
INSERT INTO `users` (`id`, `taxpayer_number`, `first_name`, `last_name`, `email`, `phone`, `created_at`, `updated_at`) VALUES (202, '6914292701380', 'Bennett', 'Rice', 'denesik.lamar@example.net', '1-019-550-6139x6771', '1996-05-08 06:24:15', '2019-05-16 02:20:54');
INSERT INTO `users` (`id`, `taxpayer_number`, `first_name`, `last_name`, `email`, `phone`, `created_at`, `updated_at`) VALUES (203, '6303036613576', 'Clarissa', 'Quigley', 'maida86@example.org', '307.965.4455', '2002-03-16 00:07:18', '2019-01-16 00:29:35');
INSERT INTO `users` (`id`, `taxpayer_number`, `first_name`, `last_name`, `email`, `phone`, `created_at`, `updated_at`) VALUES (204, '1489659562427', 'Jana', 'Thiel', 'guadalupe.keebler@example.com', '(078)885-1258x8883', '1995-08-11 04:00:59', '2019-08-16 20:22:57');
INSERT INTO `users` (`id`, `taxpayer_number`, `first_name`, `last_name`, `email`, `phone`, `created_at`, `updated_at`) VALUES (205, '5253317956486', 'Estell', 'Buckridge', 'garnett82@example.org', '751.588.7357', '2004-09-20 22:48:07', '2018-08-13 03:35:26');
INSERT INTO `users` (`id`, `taxpayer_number`, `first_name`, `last_name`, `email`, `phone`, `created_at`, `updated_at`) VALUES (206, '6258352228021', 'Tre', 'Mosciski', 'ward.danielle@example.com', '1-334-064-8016', '1999-08-25 05:42:39', '2018-11-30 12:13:57');
INSERT INTO `users` (`id`, `taxpayer_number`, `first_name`, `last_name`, `email`, `phone`, `created_at`, `updated_at`) VALUES (207, '5893055489333', 'Freddy', 'Abbott', 'charlene54@example.net', '05254794172', '2000-09-03 13:20:57', '2018-10-19 10:34:55');
INSERT INTO `users` (`id`, `taxpayer_number`, `first_name`, `last_name`, `email`, `phone`, `created_at`, `updated_at`) VALUES (208, '2696837957296', 'Curtis', 'Trantow', 'axel66@example.com', '749-615-1453x1471', '2005-06-15 06:20:06', '2019-07-07 08:57:09');
INSERT INTO `users` (`id`, `taxpayer_number`, `first_name`, `last_name`, `email`, `phone`, `created_at`, `updated_at`) VALUES (209, '2819305149093', 'Gwen', 'Heathcote', 'elwyn39@example.org', '325-195-4010x313', '1994-02-27 12:30:58', '2020-03-16 02:50:18');
INSERT INTO `users` (`id`, `taxpayer_number`, `first_name`, `last_name`, `email`, `phone`, `created_at`, `updated_at`) VALUES (210, '7339360978081', 'Hugh', 'Breitenberg', 'marvin.herzog@example.org', '881.277.1525x257', '1993-11-05 09:40:39', '2020-02-05 07:20:15');
INSERT INTO `users` (`id`, `taxpayer_number`, `first_name`, `last_name`, `email`, `phone`, `created_at`, `updated_at`) VALUES (211, '8156331822555', 'Aiyana', 'O\'Keefe', 'xzavier.bechtelar@example.net', '(205)396-9163x1488', '1999-05-03 08:43:05', '2019-08-06 19:29:15');
INSERT INTO `users` (`id`, `taxpayer_number`, `first_name`, `last_name`, `email`, `phone`, `created_at`, `updated_at`) VALUES (212, '534622603189', 'Paul', 'Gutkowski', 'aschiller@example.org', '(115)413-1869', '1995-04-01 18:55:32', '2018-12-29 21:45:47');
INSERT INTO `users` (`id`, `taxpayer_number`, `first_name`, `last_name`, `email`, `phone`, `created_at`, `updated_at`) VALUES (213, '6103300704900', 'Deborah', 'Paucek', 'qmarquardt@example.com', '043-595-5490x4472', '2002-11-19 06:49:15', '2018-12-28 02:26:00');
INSERT INTO `users` (`id`, `taxpayer_number`, `first_name`, `last_name`, `email`, `phone`, `created_at`, `updated_at`) VALUES (214, '8825461722631', 'Jessika', 'Ratke', 'bvandervort@example.net', '(833)884-3794x936', '1997-12-01 01:33:59', '2019-04-23 23:53:14');
INSERT INTO `users` (`id`, `taxpayer_number`, `first_name`, `last_name`, `email`, `phone`, `created_at`, `updated_at`) VALUES (215, '5637008827785', 'Heaven', 'Roob', 'jeremie.abernathy@example.org', '556.268.2650x2199', '2010-05-03 23:03:36', '2018-12-21 09:46:24');
INSERT INTO `users` (`id`, `taxpayer_number`, `first_name`, `last_name`, `email`, `phone`, `created_at`, `updated_at`) VALUES (216, '1409323739958', 'Jayde', 'Cruickshank', 'carroll22@example.org', '803-720-6010', '2016-09-27 10:19:57', '2020-05-28 13:17:14');
INSERT INTO `users` (`id`, `taxpayer_number`, `first_name`, `last_name`, `email`, `phone`, `created_at`, `updated_at`) VALUES (217, '5332950839027', 'Kassandra', 'Yost', 'hauck.nelle@example.com', '1-554-661-1181x763', '2017-06-13 05:35:50', '2019-09-22 06:50:36');
INSERT INTO `users` (`id`, `taxpayer_number`, `first_name`, `last_name`, `email`, `phone`, `created_at`, `updated_at`) VALUES (218, '2661609330819', 'Corene', 'Metz', 'carley87@example.org', '(059)257-5032x27649', '1999-01-05 16:36:27', '2020-06-21 12:15:16');
INSERT INTO `users` (`id`, `taxpayer_number`, `first_name`, `last_name`, `email`, `phone`, `created_at`, `updated_at`) VALUES (219, '6405480417702', 'Beryl', 'Marvin', 'lynch.mae@example.com', '1-235-234-3300x5985', '2005-10-02 20:20:30', '2019-01-22 20:37:57');
INSERT INTO `users` (`id`, `taxpayer_number`, `first_name`, `last_name`, `email`, `phone`, `created_at`, `updated_at`) VALUES (220, '9042041372926', 'Colt', 'Feest', 'heathcote.richard@example.org', '178.327.6537x275', '2001-01-10 00:41:29', '2019-08-20 07:20:14');
INSERT INTO `users` (`id`, `taxpayer_number`, `first_name`, `last_name`, `email`, `phone`, `created_at`, `updated_at`) VALUES (221, '9778425553068', 'Bridgette', 'Harvey', 'flatley.jazmin@example.com', '+91(0)4013932801', '1997-10-15 03:43:16', '2019-11-14 21:44:46');
INSERT INTO `users` (`id`, `taxpayer_number`, `first_name`, `last_name`, `email`, `phone`, `created_at`, `updated_at`) VALUES (222, '4400343651929', 'Nella', 'Reichert', 'larson.aida@example.net', '713-800-2608', '1992-03-11 02:26:40', '2020-07-10 09:04:17');
INSERT INTO `users` (`id`, `taxpayer_number`, `first_name`, `last_name`, `email`, `phone`, `created_at`, `updated_at`) VALUES (223, '9348465961450', 'Adaline', 'Mante', 'josephine.mertz@example.org', '205.645.0837x18912', '2016-09-06 11:04:14', '2019-06-08 11:49:05');
INSERT INTO `users` (`id`, `taxpayer_number`, `first_name`, `last_name`, `email`, `phone`, `created_at`, `updated_at`) VALUES (224, '8017984955944', 'Glennie', 'Ebert', 'kamren42@example.org', '537.866.6951', '2006-07-17 16:37:54', '2019-11-08 01:29:36');
INSERT INTO `users` (`id`, `taxpayer_number`, `first_name`, `last_name`, `email`, `phone`, `created_at`, `updated_at`) VALUES (225, '4536904558772', 'Destiny', 'Larkin', 'vesta65@example.com', '(461)319-3008x6994', '2015-09-08 12:42:03', '2019-04-23 08:27:09');
INSERT INTO `users` (`id`, `taxpayer_number`, `first_name`, `last_name`, `email`, `phone`, `created_at`, `updated_at`) VALUES (226, '5144689203007', 'Nia', 'Ward', 'athena81@example.org', '06058581212', '2010-10-30 11:39:24', '2019-07-31 09:15:06');
INSERT INTO `users` (`id`, `taxpayer_number`, `first_name`, `last_name`, `email`, `phone`, `created_at`, `updated_at`) VALUES (227, '5199271806096', 'Guillermo', 'Nader', 'ozella.berge@example.com', '(000)028-7711x1135', '2006-10-07 22:30:29', '2019-02-20 04:50:06');
INSERT INTO `users` (`id`, `taxpayer_number`, `first_name`, `last_name`, `email`, `phone`, `created_at`, `updated_at`) VALUES (228, '1538456441601', 'Richard', 'Schmitt', 'lonie78@example.com', '+25(7)8748983244', '1997-04-08 17:14:10', '2019-01-01 16:20:56');
INSERT INTO `users` (`id`, `taxpayer_number`, `first_name`, `last_name`, `email`, `phone`, `created_at`, `updated_at`) VALUES (229, '9354273984162', 'Joana', 'Orn', 'wdouglas@example.org', '1-077-981-6276x347', '1992-08-22 15:05:58', '2018-09-23 13:53:06');
INSERT INTO `users` (`id`, `taxpayer_number`, `first_name`, `last_name`, `email`, `phone`, `created_at`, `updated_at`) VALUES (230, '8649713320890', 'Caroline', 'Schiller', 'auer.polly@example.org', '264.944.3398x67684', '1999-08-17 11:29:06', '2019-10-28 17:33:58');
INSERT INTO `users` (`id`, `taxpayer_number`, `first_name`, `last_name`, `email`, `phone`, `created_at`, `updated_at`) VALUES (231, '5145319248875', 'Ashley', 'Satterfield', 'desiree41@example.com', '1-951-110-2031x34921', '2015-03-11 05:58:34', '2018-10-27 21:59:29');
INSERT INTO `users` (`id`, `taxpayer_number`, `first_name`, `last_name`, `email`, `phone`, `created_at`, `updated_at`) VALUES (232, '8957820590306', 'Leonel', 'Parisian', 'robyn03@example.org', '1-008-415-4962x5989', '2017-03-25 05:29:27', '2020-04-16 06:12:50');
INSERT INTO `users` (`id`, `taxpayer_number`, `first_name`, `last_name`, `email`, `phone`, `created_at`, `updated_at`) VALUES (233, '3538906297320', 'Kristofer', 'Tremblay', 'uskiles@example.net', '349.720.0482x700', '2017-01-24 17:48:38', '2019-06-21 05:11:04');
INSERT INTO `users` (`id`, `taxpayer_number`, `first_name`, `last_name`, `email`, `phone`, `created_at`, `updated_at`) VALUES (234, '3780896096536', 'Ella', 'Jenkins', 'wilfrid.breitenberg@example.net', '+88(2)2148635450', '1996-05-10 08:23:19', '2018-09-21 17:29:32');
INSERT INTO `users` (`id`, `taxpayer_number`, `first_name`, `last_name`, `email`, `phone`, `created_at`, `updated_at`) VALUES (235, '4096646085847', 'Dixie', 'Keeling', 'samantha.barton@example.com', '767.865.2970', '1993-08-27 19:17:17', '2019-06-29 21:35:11');
INSERT INTO `users` (`id`, `taxpayer_number`, `first_name`, `last_name`, `email`, `phone`, `created_at`, `updated_at`) VALUES (236, '1245316131506', 'Jany', 'Prosacco', 'brath@example.net', '+26(8)7610606755', '1998-07-19 12:09:29', '2020-01-01 07:35:40');
INSERT INTO `users` (`id`, `taxpayer_number`, `first_name`, `last_name`, `email`, `phone`, `created_at`, `updated_at`) VALUES (237, '1332469692174', 'Cristobal', 'Bernhard', 'ebert.adrain@example.org', '1-670-321-4162', '1999-07-01 23:58:59', '2020-02-04 00:26:12');
INSERT INTO `users` (`id`, `taxpayer_number`, `first_name`, `last_name`, `email`, `phone`, `created_at`, `updated_at`) VALUES (238, '8780335035361', 'Angeline', 'McDermott', 'josie22@example.net', '1-582-527-2569x5269', '2017-05-11 15:56:52', '2019-09-23 12:04:26');
INSERT INTO `users` (`id`, `taxpayer_number`, `first_name`, `last_name`, `email`, `phone`, `created_at`, `updated_at`) VALUES (239, '6719362185569', 'Ceasar', 'O\'Kon', 'ehyatt@example.net', '321.151.7284x2965', '2014-03-04 08:29:00', '2020-02-01 03:58:25');
INSERT INTO `users` (`id`, `taxpayer_number`, `first_name`, `last_name`, `email`, `phone`, `created_at`, `updated_at`) VALUES (240, '2764429264049', 'Tyrese', 'Stark', 'khammes@example.com', '093.730.1990x97705', '2017-06-30 08:04:08', '2018-08-31 05:08:27');
INSERT INTO `users` (`id`, `taxpayer_number`, `first_name`, `last_name`, `email`, `phone`, `created_at`, `updated_at`) VALUES (241, '4087892754981', 'Alysson', 'Hagenes', 'issac06@example.net', '(975)418-6253x871', '2016-02-28 12:49:26', '2020-01-09 12:47:23');
INSERT INTO `users` (`id`, `taxpayer_number`, `first_name`, `last_name`, `email`, `phone`, `created_at`, `updated_at`) VALUES (242, '3056096000364', 'Jermaine', 'Mraz', 'odurgan@example.org', '1-189-802-6783', '1998-07-18 04:10:20', '2019-05-29 22:20:23');
INSERT INTO `users` (`id`, `taxpayer_number`, `first_name`, `last_name`, `email`, `phone`, `created_at`, `updated_at`) VALUES (243, '5538905461039', 'Katlyn', 'Witting', 'marlin.mckenzie@example.net', '00654500094', '2016-03-08 18:32:07', '2019-08-18 14:31:42');
INSERT INTO `users` (`id`, `taxpayer_number`, `first_name`, `last_name`, `email`, `phone`, `created_at`, `updated_at`) VALUES (244, '5483668572455', 'Noah', 'Daniel', 'kuhlman.andres@example.com', '427-493-1175', '2010-05-16 22:50:02', '2020-01-13 01:04:40');
INSERT INTO `users` (`id`, `taxpayer_number`, `first_name`, `last_name`, `email`, `phone`, `created_at`, `updated_at`) VALUES (245, '1294656682712', 'Brady', 'Powlowski', 'isom.langworth@example.com', '271.458.3394', '1994-01-27 08:08:01', '2019-05-14 00:55:42');
INSERT INTO `users` (`id`, `taxpayer_number`, `first_name`, `last_name`, `email`, `phone`, `created_at`, `updated_at`) VALUES (246, '108052377868', 'Helene', 'Frami', 'mborer@example.net', '228-400-0587x942', '2000-07-29 19:32:09', '2020-02-18 17:45:05');
INSERT INTO `users` (`id`, `taxpayer_number`, `first_name`, `last_name`, `email`, `phone`, `created_at`, `updated_at`) VALUES (247, '2508493732288', 'Darlene', 'Zemlak', 'gpacocha@example.com', '06305917967', '2007-03-05 04:59:41', '2018-11-27 23:20:46');
INSERT INTO `users` (`id`, `taxpayer_number`, `first_name`, `last_name`, `email`, `phone`, `created_at`, `updated_at`) VALUES (248, '4429956632945', 'Kaci', 'Simonis', 'wpacocha@example.net', '09692216979', '1994-05-21 23:35:19', '2020-07-31 10:06:59');
INSERT INTO `users` (`id`, `taxpayer_number`, `first_name`, `last_name`, `email`, `phone`, `created_at`, `updated_at`) VALUES (249, '3413540349621', 'Jazlyn', 'Bradtke', 'piper97@example.net', '815-411-6035x71374', '2003-06-05 04:53:18', '2020-03-01 07:57:22');
INSERT INTO `users` (`id`, `taxpayer_number`, `first_name`, `last_name`, `email`, `phone`, `created_at`, `updated_at`) VALUES (250, '4491192745929', 'Kassandra', 'Abernathy', 'jbreitenberg@example.net', '780.961.5095', '1998-07-02 18:00:00', '2018-11-08 23:10:16');
INSERT INTO `users` (`id`, `taxpayer_number`, `first_name`, `last_name`, `email`, `phone`, `created_at`, `updated_at`) VALUES (251, '4348351964261', 'Lera', 'Donnelly', 'rbartell@example.com', '(060)432-4136x56234', '1992-04-17 18:56:59', '2019-02-03 17:15:59');
INSERT INTO `users` (`id`, `taxpayer_number`, `first_name`, `last_name`, `email`, `phone`, `created_at`, `updated_at`) VALUES (252, '4027931850077', 'Katarina', 'Schamberger', 'ellsworth.tillman@example.com', '04773533315', '2002-03-12 00:48:41', '2019-10-17 03:50:31');
INSERT INTO `users` (`id`, `taxpayer_number`, `first_name`, `last_name`, `email`, `phone`, `created_at`, `updated_at`) VALUES (253, '1250020873220', 'Margaretta', 'Watsica', 'wolf.ben@example.net', '(777)581-9974', '1991-09-30 08:00:23', '2019-05-22 10:48:22');
INSERT INTO `users` (`id`, `taxpayer_number`, `first_name`, `last_name`, `email`, `phone`, `created_at`, `updated_at`) VALUES (254, '914631319511', 'Cassandre', 'Gerhold', 'alexandrine.bode@example.org', '1-893-895-6299', '2007-02-25 08:37:45', '2019-01-18 16:42:49');
INSERT INTO `users` (`id`, `taxpayer_number`, `first_name`, `last_name`, `email`, `phone`, `created_at`, `updated_at`) VALUES (255, '2722112086787', 'Glennie', 'Hintz', 'lucienne57@example.net', '+13(0)6621397230', '1996-02-28 19:17:42', '2019-06-30 06:37:27');
INSERT INTO `users` (`id`, `taxpayer_number`, `first_name`, `last_name`, `email`, `phone`, `created_at`, `updated_at`) VALUES (256, '3779986460553', 'Will', 'Kovacek', 'larkin.iliana@example.com', '1-696-416-8021x308', '1994-10-25 16:58:29', '2018-10-11 20:57:52');
INSERT INTO `users` (`id`, `taxpayer_number`, `first_name`, `last_name`, `email`, `phone`, `created_at`, `updated_at`) VALUES (257, '3318358245026', 'Elouise', 'Wiegand', 'mcdermott.makenzie@example.net', '(566)084-2456x9767', '1997-03-22 20:58:24', '2018-09-17 23:49:37');
INSERT INTO `users` (`id`, `taxpayer_number`, `first_name`, `last_name`, `email`, `phone`, `created_at`, `updated_at`) VALUES (258, '2557715053856', 'Neva', 'Moore', 'thompson.christiana@example.org', '(196)938-1858', '2014-11-26 23:04:46', '2019-10-01 12:01:52');
INSERT INTO `users` (`id`, `taxpayer_number`, `first_name`, `last_name`, `email`, `phone`, `created_at`, `updated_at`) VALUES (259, '5945660165697', 'Ashleigh', 'Koelpin', 'walter.paolo@example.org', '07395712126', '2011-01-30 13:18:22', '2019-04-24 01:01:00');
INSERT INTO `users` (`id`, `taxpayer_number`, `first_name`, `last_name`, `email`, `phone`, `created_at`, `updated_at`) VALUES (260, '8532473308965', 'Ashley', 'Schinner', 'roberts.brooke@example.net', '464-858-8609', '2005-12-18 01:46:07', '2020-04-19 13:31:48');
INSERT INTO `users` (`id`, `taxpayer_number`, `first_name`, `last_name`, `email`, `phone`, `created_at`, `updated_at`) VALUES (261, '8546748673683', 'Stephen', 'Jaskolski', 'tiffany27@example.com', '07002712889', '2009-08-27 11:50:56', '2019-02-12 18:13:28');
INSERT INTO `users` (`id`, `taxpayer_number`, `first_name`, `last_name`, `email`, `phone`, `created_at`, `updated_at`) VALUES (262, '4714020553929', 'Lamont', 'Nikolaus', 'chauncey.runolfsson@example.org', '772-722-5589x337', '2005-03-30 03:31:04', '2018-10-26 18:06:14');
INSERT INTO `users` (`id`, `taxpayer_number`, `first_name`, `last_name`, `email`, `phone`, `created_at`, `updated_at`) VALUES (263, '8875681027118', 'Adrienne', 'Herman', 'sienna.gaylord@example.com', '538.214.3013x55560', '1995-06-22 14:51:52', '2020-05-05 16:38:04');
INSERT INTO `users` (`id`, `taxpayer_number`, `first_name`, `last_name`, `email`, `phone`, `created_at`, `updated_at`) VALUES (264, '5044144323235', 'Geovanni', 'Reynolds', 'avis21@example.com', '304-886-8010x164', '1990-10-10 06:22:57', '2019-09-04 02:35:47');
INSERT INTO `users` (`id`, `taxpayer_number`, `first_name`, `last_name`, `email`, `phone`, `created_at`, `updated_at`) VALUES (265, '4802170401019', 'Ron', 'Denesik', 'viviane99@example.com', '1-571-085-5321', '2014-08-18 06:10:39', '2018-11-28 12:58:13');
INSERT INTO `users` (`id`, `taxpayer_number`, `first_name`, `last_name`, `email`, `phone`, `created_at`, `updated_at`) VALUES (266, '4781413882225', 'Selmer', 'Prosacco', 'ludie.sauer@example.net', '652-460-9817x108', '1996-02-26 06:01:30', '2019-04-14 10:53:27');
INSERT INTO `users` (`id`, `taxpayer_number`, `first_name`, `last_name`, `email`, `phone`, `created_at`, `updated_at`) VALUES (267, '6190645444206', 'Myra', 'Schroeder', 'kschuppe@example.org', '(918)366-6830', '2009-01-30 09:15:58', '2020-05-06 03:20:05');
INSERT INTO `users` (`id`, `taxpayer_number`, `first_name`, `last_name`, `email`, `phone`, `created_at`, `updated_at`) VALUES (268, '5970184885989', 'Estefania', 'Shields', 'donavon85@example.org', '611-477-7050x3008', '2013-11-13 07:46:53', '2019-08-29 09:39:29');
INSERT INTO `users` (`id`, `taxpayer_number`, `first_name`, `last_name`, `email`, `phone`, `created_at`, `updated_at`) VALUES (269, '3239272796316', 'Blanca', 'Purdy', 'po\'keefe@example.com', '752-231-5409x751', '1994-08-28 14:53:31', '2019-08-06 15:14:01');
INSERT INTO `users` (`id`, `taxpayer_number`, `first_name`, `last_name`, `email`, `phone`, `created_at`, `updated_at`) VALUES (270, '7521568239713', 'Nathen', 'Ritchie', 'kweber@example.org', '1-453-755-8627x98942', '1991-09-05 03:48:55', '2019-04-07 18:07:51');
INSERT INTO `users` (`id`, `taxpayer_number`, `first_name`, `last_name`, `email`, `phone`, `created_at`, `updated_at`) VALUES (271, '1245645712967', 'Winona', 'Carter', 'grace.graham@example.org', '04029821076', '1995-08-09 04:59:41', '2020-05-11 00:18:02');
INSERT INTO `users` (`id`, `taxpayer_number`, `first_name`, `last_name`, `email`, `phone`, `created_at`, `updated_at`) VALUES (272, '7328728767344', 'Susanna', 'Kerluke', 'nader.callie@example.com', '767.641.4024', '2001-12-16 08:26:53', '2019-07-09 11:40:21');
INSERT INTO `users` (`id`, `taxpayer_number`, `first_name`, `last_name`, `email`, `phone`, `created_at`, `updated_at`) VALUES (273, '912436024472', 'Bert', 'Shields', 'hermann.kianna@example.org', '08368886241', '1994-09-24 03:03:46', '2019-04-26 21:50:20');
INSERT INTO `users` (`id`, `taxpayer_number`, `first_name`, `last_name`, `email`, `phone`, `created_at`, `updated_at`) VALUES (274, '6329393550846', 'Breanne', 'Purdy', 'howe.tina@example.org', '249-906-7561x7843', '1999-04-30 03:46:05', '2019-07-28 10:47:38');
INSERT INTO `users` (`id`, `taxpayer_number`, `first_name`, `last_name`, `email`, `phone`, `created_at`, `updated_at`) VALUES (275, '7504409406008', 'Tia', 'Kertzmann', 'hoyt.cartwright@example.net', '+07(0)8931084558', '1992-12-21 09:59:02', '2019-11-23 02:18:40');
INSERT INTO `users` (`id`, `taxpayer_number`, `first_name`, `last_name`, `email`, `phone`, `created_at`, `updated_at`) VALUES (276, '1453567815339', 'Ida', 'VonRueden', 'camylle.mueller@example.com', '1-548-386-0026x11642', '1991-08-03 13:10:57', '2020-04-16 19:14:58');
INSERT INTO `users` (`id`, `taxpayer_number`, `first_name`, `last_name`, `email`, `phone`, `created_at`, `updated_at`) VALUES (277, '765859763417', 'Maxie', 'Watsica', 'fnikolaus@example.org', '(648)317-9813', '2009-12-10 13:10:56', '2020-05-11 02:01:17');
INSERT INTO `users` (`id`, `taxpayer_number`, `first_name`, `last_name`, `email`, `phone`, `created_at`, `updated_at`) VALUES (278, '1485376146715', 'Libby', 'Renner', 'delphine.bergnaum@example.com', '801-511-0748x13272', '2000-02-11 17:15:39', '2019-08-04 17:46:34');
INSERT INTO `users` (`id`, `taxpayer_number`, `first_name`, `last_name`, `email`, `phone`, `created_at`, `updated_at`) VALUES (279, '4761236463673', 'Alisa', 'Dach', 'derrick05@example.org', '147-913-3518x64512', '1995-12-20 13:25:17', '2019-03-14 13:41:48');
INSERT INTO `users` (`id`, `taxpayer_number`, `first_name`, `last_name`, `email`, `phone`, `created_at`, `updated_at`) VALUES (280, '6443980688322', 'Karen', 'Considine', 'wkihn@example.org', '873-883-9881', '1998-09-17 02:33:34', '2020-06-19 17:18:18');
INSERT INTO `users` (`id`, `taxpayer_number`, `first_name`, `last_name`, `email`, `phone`, `created_at`, `updated_at`) VALUES (281, '1975936517724', 'Abelardo', 'Beatty', 'kemmer.nicole@example.com', '(812)870-0470x444', '2010-02-27 09:21:42', '2019-10-07 17:42:21');
INSERT INTO `users` (`id`, `taxpayer_number`, `first_name`, `last_name`, `email`, `phone`, `created_at`, `updated_at`) VALUES (282, '9839885197998', 'Alena', 'Wilderman', 'bmiller@example.com', '479-325-6050', '2003-06-13 07:43:00', '2020-02-28 13:58:29');
INSERT INTO `users` (`id`, `taxpayer_number`, `first_name`, `last_name`, `email`, `phone`, `created_at`, `updated_at`) VALUES (283, '2895474840048', 'Helena', 'Olson', 'jalen73@example.com', '968.276.7847x8487', '1998-01-15 01:20:25', '2020-04-16 06:12:59');
INSERT INTO `users` (`id`, `taxpayer_number`, `first_name`, `last_name`, `email`, `phone`, `created_at`, `updated_at`) VALUES (284, '5988586892560', 'Daphne', 'Pagac', 'abner.walter@example.org', '814-343-5458x3986', '2009-09-09 05:07:56', '2020-06-20 22:50:00');
INSERT INTO `users` (`id`, `taxpayer_number`, `first_name`, `last_name`, `email`, `phone`, `created_at`, `updated_at`) VALUES (285, '2280883996561', 'Karson', 'Schiller', 'senger.darrin@example.org', '05470251367', '1994-05-01 22:55:50', '2020-07-23 16:15:54');
INSERT INTO `users` (`id`, `taxpayer_number`, `first_name`, `last_name`, `email`, `phone`, `created_at`, `updated_at`) VALUES (286, '8492196123488', 'Lula', 'Haley', 'madelyn.hessel@example.com', '441.995.0869x34686', '2013-03-01 17:17:09', '2019-04-07 04:37:21');
INSERT INTO `users` (`id`, `taxpayer_number`, `first_name`, `last_name`, `email`, `phone`, `created_at`, `updated_at`) VALUES (287, '3330127182649', 'Asia', 'White', 'joshuah39@example.com', '(123)404-1194x815', '2009-01-16 17:27:57', '2018-09-18 02:20:53');
INSERT INTO `users` (`id`, `taxpayer_number`, `first_name`, `last_name`, `email`, `phone`, `created_at`, `updated_at`) VALUES (288, '1254771291278', 'Lisandro', 'Nolan', 'josh31@example.com', '351.254.9806', '2002-12-15 01:27:27', '2019-08-29 09:22:01');
INSERT INTO `users` (`id`, `taxpayer_number`, `first_name`, `last_name`, `email`, `phone`, `created_at`, `updated_at`) VALUES (289, '8229026202112', 'Alyson', 'Davis', 'padberg.wallace@example.net', '769.384.4825x4990', '1996-09-19 07:58:11', '2020-04-16 14:46:37');
INSERT INTO `users` (`id`, `taxpayer_number`, `first_name`, `last_name`, `email`, `phone`, `created_at`, `updated_at`) VALUES (290, '6100916006090', 'Alejandra', 'Shields', 'jessyca.gulgowski@example.com', '(350)206-5563', '2011-08-28 19:57:10', '2019-01-04 03:10:39');
INSERT INTO `users` (`id`, `taxpayer_number`, `first_name`, `last_name`, `email`, `phone`, `created_at`, `updated_at`) VALUES (291, '1438539754459', 'Delbert', 'Considine', 'mikel04@example.org', '1-837-145-0953', '2013-07-15 01:47:48', '2019-11-20 13:47:15');
INSERT INTO `users` (`id`, `taxpayer_number`, `first_name`, `last_name`, `email`, `phone`, `created_at`, `updated_at`) VALUES (292, '8656602533254', 'Buddy', 'Batz', 'jayce.erdman@example.net', '(592)314-7024x7510', '2003-01-05 19:03:29', '2019-07-19 03:16:10');
INSERT INTO `users` (`id`, `taxpayer_number`, `first_name`, `last_name`, `email`, `phone`, `created_at`, `updated_at`) VALUES (293, '4086239684419', 'Harley', 'Weber', 'chalvorson@example.org', '1-722-065-9129x45734', '2008-10-04 20:35:13', '2019-04-29 21:10:57');
INSERT INTO `users` (`id`, `taxpayer_number`, `first_name`, `last_name`, `email`, `phone`, `created_at`, `updated_at`) VALUES (294, '5737556773237', 'Loraine', 'Balistreri', 'tobin86@example.org', '015-453-3017x09700', '2015-06-02 16:36:00', '2019-06-15 01:21:10');
INSERT INTO `users` (`id`, `taxpayer_number`, `first_name`, `last_name`, `email`, `phone`, `created_at`, `updated_at`) VALUES (295, '9179909039009', 'Emie', 'Hermiston', 'lynn.roberts@example.com', '1-100-860-0490', '2003-08-04 10:01:35', '2019-02-15 09:46:30');
INSERT INTO `users` (`id`, `taxpayer_number`, `first_name`, `last_name`, `email`, `phone`, `created_at`, `updated_at`) VALUES (296, '1817731883982', 'Rosalind', 'Dickens', 'mireya13@example.com', '506.965.0302', '1993-09-11 13:15:38', '2019-06-06 18:58:43');
INSERT INTO `users` (`id`, `taxpayer_number`, `first_name`, `last_name`, `email`, `phone`, `created_at`, `updated_at`) VALUES (297, '5564690056396', 'Micah', 'Kuvalis', 'jeanie.pfannerstill@example.com', '(838)647-0125x06627', '2013-06-30 02:26:57', '2019-01-07 20:59:34');
INSERT INTO `users` (`id`, `taxpayer_number`, `first_name`, `last_name`, `email`, `phone`, `created_at`, `updated_at`) VALUES (298, '7198153250152', 'Philip', 'Turcotte', 'marian.kuhn@example.com', '884-760-9607x90820', '2001-07-14 05:12:52', '2019-12-19 11:29:34');
INSERT INTO `users` (`id`, `taxpayer_number`, `first_name`, `last_name`, `email`, `phone`, `created_at`, `updated_at`) VALUES (299, '2562311537843', 'Ila', 'Walter', 'ihansen@example.org', '+18(8)8428268191', '2008-10-19 08:16:23', '2020-04-21 10:48:17');
INSERT INTO `users` (`id`, `taxpayer_number`, `first_name`, `last_name`, `email`, `phone`, `created_at`, `updated_at`) VALUES (300, '2278803316503', 'Chadd', 'Beier', 'brycen95@example.net', '737.699.8436', '2015-10-20 19:00:36', '2019-02-06 10:53:30');


